text,target
"OLED 패널 수요가 지속적으로 증가 추세에 있다. 특히 삼성전자와 애플 등 글로벌 빅테크 기업들의 주요 제품에 OLED 패널을 탑재하면서 꾸준히 수요가 증가하고 있다. 이에 따라 OLED 패널 시장이 매년 10% 이상 성장할 것으로 예상된다. OLED는 비싼 가격이 단점으로 꼽히기도 했으나 초고화질로 인해 수요 확대가 지속되는 분위기다. 질적인 측면의 장점이 부각되면서 대중화에도 속도를 내고 있다. 특히 프리미엄 스마트폰에만 사용되던 OLED가 저렴한 보급형 휴대폰으로 확대되고, 태블릿 시장을 넘어 노트북에도 OLED 패널이 적용될 가능성이 높아지고 있다. 애플이 OLED 패널이 적용된 아이패드 출시를 예고하면서 시장을 선점하려는 업계 움직임이 계속되고 있다. 아이폰에 OLED 탑재 비율을 늘린 애플은 2024년 OLED 패널을 적용한 첫 아이패드를 출시하고, 맥북/아이맥 등 PC 제품에도 OLED 탑재 비중을 확대할 계획이다. 디스플레이의 큰손 애플이 움직이면서 국내 업체들도 본격 경쟁에 돌입했다. LG디스플레이와 삼성디스플레이는 모두 IT용 OLED 설비 투자 확대를 언급하고 검토 중이다. OLED 침투율이 40% 수준까지 상승한 스마트폰에 비해 IT 시장은 LCD 비중이 95%이기 때문에 OLED 시장은 아직 ‘블루오션’이라 평가받고 있다. 그만큼 업계 경쟁이 치열해질 것으로 예상된다. 이 텍스트를 확장해줘.","OLED 패널 수요가 지속적으로 증가 추세에 있다. 특히 삼성전자와 애플 등 글로벌 빅테크 기업들의 주요 제품에 OLED 패널을 탑재하면서 꾸준히 수요가 증가하고 있다. 이에 따라 OLED 패널 시장이 매년 10% 이상 성장할 것으로 예상된다. OLED는 비싼 가격이 단점으로 꼽히기도 했으나 초고화질로 인해 수요 확대가 지속되는 분위기다. 질적인 측면의 장점이 부각되면서 대중화에도 속도를 내고 있다. 특히 프리미엄 스마트폰에만 사용되던 OLED가 저렴한 보급형 휴대폰으로 확대되고, 태블릿 시장을 넘어 노트북에도 OLED 패널이 적용될 가능성이 높아지고 있다. 애플이 OLED 패널이 적용된 아이패드 출시를 예고하면서 시장을 선점하려는 업계 움직임이 계속되고 있다. 아이폰에 OLED 탑재 비율을 늘린 애플은 2024년 OLED 패널을 적용한 첫 아이패드를 출시하고, 맥북/아이맥 등 PC 제품에도 OLED 탑재 비중을 확대할 계획이다. 디스플레이의 큰손 애플이 움직이면서 국내 업체들도 본격 경쟁에 돌입했다. LG디스플레이와 삼성디스플레이는 모두 IT용 OLED 설비 투자 확대를 언급하고 검토 중이다. OLED 침투율이 40% 수준까지 상승한 스마트폰에 비해 IT 시장은 LCD 비중이 95%이기 때문에 OLED 시장은 아직 ‘블루오션’이라 평가받고 있다. 그만큼 업계 경쟁이 치열해질 것으로 예상된다. 이와 관련하여 전문가들은 향후 시장 동향에 대한 심층 분석을 진행하고 있다."
"정부는 2023년 5월 산업통상자원부장관 주재의 ‘디스플레이 산업 혁신 전략 원탁회의’를 개최하고 업계 대표 및 산업 관계자들과 함께 디스플레이 산업의 발전 방향과 전략을 논의했다. 2027년까지 세계 시장 점유율을 50%로 확대하고, 경쟁국과의 기술 격차를 5년 이상으로 확대한다는 방침이다. 또한 소부장(소재/부품/장비) 자립화율을 80%로 높이고, 2032년까지 디스플레이 전문 인력 9,000명을 양성하기로 했다. 우선 국내 패널 기업들은 IT용 OLED 생산라인 증설과 차세대 디스플레이 연구개발 등에 2027년까지 65조 원 이상 투자할 계획이다. 정부는 민간 투자가 적기에 이행될 수 있도록 세제, 정책금융 지원, 인프라, 규제 개선 등을 통해 연구개발부터 생산까지 전 단계에 걸쳐 뒷받침할 예정이다. 아울러 투명/XR(확장현실)/차량용의 3대 디스플레이 신시장 창출을 지원해 OLED 시장의 성장을 가속화한다. 정부는 신시장 육성에 향후 5년간 약 740억 원의 예산을 지원할 계획이다. 세부적으로는 투명 디스플레이 관련 실증 R&D에 약 100억 원, XR 기기용 초소형 디스플레이 성능 검증에 300억 원을 투자한다. 차량용 디스플레이의 경우 제품 안전성을 종합적으로 검증할 수 있는 실증센터를 구축해 관련 사업에 340억 원을 투자할 방침이다. 이 텍스트를 확장해줘.","정부는 2023년 5월 산업통상자원부장관 주재의 ‘디스플레이 산업 혁신 전략 원탁회의’를 개최하고 업계 대표 및 산업 관계자들과 함께 디스플레이 산업의 발전 방향과 전략을 논의했다. 2027년까지 세계 시장 점유율을 50%로 확대하고, 경쟁국과의 기술 격차를 5년 이상으로 확대한다는 방침이다. 또한 소부장(소재/부품/장비) 자립화율을 80%로 높이고, 2032년까지 디스플레이 전문 인력 9,000명을 양성하기로 했다. 우선 국내 패널 기업들은 IT용 OLED 생산라인 증설과 차세대 디스플레이 연구개발 등에 2027년까지 65조 원 이상 투자할 계획이다. 정부는 민간 투자가 적기에 이행될 수 있도록 세제, 정책금융 지원, 인프라, 규제 개선 등을 통해 연구개발부터 생산까지 전 단계에 걸쳐 뒷받침할 예정이다. 아울러 투명/XR(확장현실)/차량용의 3대 디스플레이 신시장 창출을 지원해 OLED 시장의 성장을 가속화한다. 정부는 신시장 육성에 향후 5년간 약 740억 원의 예산을 지원할 계획이다. 세부적으로는 투명 디스플레이 관련 실증 R&D에 약 100억 원, XR 기기용 초소형 디스플레이 성능 검증에 300억 원을 투자한다. 차량용 디스플레이의 경우 제품 안전성을 종합적으로 검증할 수 있는 실증센터를 구축해 관련 사업에 340억 원을 투자할 방침이다. 이와 관련하여 전문가들은 향후 시장 동향에 대한 심층 분석을 진행하고 있다."
일진디스플레이는 2022년 매각을 단행했지만 난황 끝에 중단을 결정했다. 시장에서는 인수 후보 물색에도 불구하고 마땅한 매수자를 찾지 못해 중단한 것으로 해석하고 있다. 최근 몇 년간 적자와 순손실이 지속되고 있는 데다 디스플레이 업황 침체가 이어졌기 때문으로 풀이된다. 자금 조달 환경이 녹록지 않은 상황에서 인수 후 감당이 쉽지 않을 것이란 판단도 작용한 것으로 보인다. 디스플레이 업황 또한 언제 살아날지 가늠하기 어려운 상황이다. 코로나19로 호황을 누렸던 디스플레이 업황은 경기 위축발 수요 위축으로 직격탄을 맞은 상태다. 일진디스플레이는 그간 재무 건전성을 최우선 과제로 두고 강도 높은 구조 조정에 힘써왔다. 그 결과 2021년까지 이어진 적자에서 벗어나 2022년 흑자 전환이라는 재도약의 기초를 다졌다. 앞으로 재무지표 개선과 각 사업부에 대한 경쟁력을 더욱 강화해 나갈 예정이다. 이 텍스트를 확장해줘.,일진디스플레이는 2022년 매각을 단행했지만 난황 끝에 중단을 결정했다. 시장에서는 인수 후보 물색에도 불구하고 마땅한 매수자를 찾지 못해 중단한 것으로 해석하고 있다. 최근 몇 년간 적자와 순손실이 지속되고 있는 데다 디스플레이 업황 침체가 이어졌기 때문으로 풀이된다. 자금 조달 환경이 녹록지 않은 상황에서 인수 후 감당이 쉽지 않을 것이란 판단도 작용한 것으로 보인다. 디스플레이 업황 또한 언제 살아날지 가늠하기 어려운 상황이다. 코로나19로 호황을 누렸던 디스플레이 업황은 경기 위축발 수요 위축으로 직격탄을 맞은 상태다. 일진디스플레이는 그간 재무 건전성을 최우선 과제로 두고 강도 높은 구조 조정에 힘써왔다. 그 결과 2021년까지 이어진 적자에서 벗어나 2022년 흑자 전환이라는 재도약의 기초를 다졌다. 앞으로 재무지표 개선과 각 사업부에 대한 경쟁력을 더욱 강화해 나갈 예정이다. 이와 관련하여 전문가들은 향후 시장 동향에 대한 심층 분석을 진행하고 있다.
"마이크로 LED 시장이 2024년 28배 커질 것으로 전망된다. 기존 마이크로 LED는 주로 고가 프리미엄 TV나 디지털 사이니지(Signage)에 적용됐다. 대량 양산의 한계와 가격 경쟁력 때문에 시장이 빠른 속도로 크지 않았지만, 2024년부터 VR(가상현실)/AR(증강현실) 기기와 각종 웨어러블 기기 시장에서 본격적으로 마이크로 LED 수요가 발생할 것으로 전망된다. 구글은 2022년 5월 5년차 스타트업 랙시엄을 인수했다. 랙시엄은 VR/AR 기기용 마이크로 LED 디스플레이 기술을 개발하는 업체다. 구글의 마이크로 LED 기반의 VR/AR 기기 시장 진출이 본격화할 것으로 전망된다. 삼성디스플레이도 VR/AR 기기용 디스플레이 후보로 마이크로 LED를 유력하게 보는 것으로 알려졌다. 디지털 콕핏에 탑재되는 차량용 디스플레이와 투명 디스플레이 시장에서도 마이크로 LED 수요가 예상된다. 마이크로 LED 소부장(소재/부품/장비) 생태계가 한층 탄탄해진 것도 시장 확대에 한몫하고 있다. 마이크로 LED는 디스플레이 패널, LED칩, 양산을 위한 전사 장비, 구동칩 등 여러 회사 간 협업이 중요하기 때문이다. 마이크로 사이즈의 LED를 만들려면 고품질의 사파이어 웨이퍼가 필요하기 때문에 품질력을 인정받고 있는 사파이어 웨이퍼를 생산하는 일진디스플레이에도 새로운 기회가 찾아올 것으로 기대된다. 이 텍스트를 확장해줘.","마이크로 LED 시장이 2024년 28배 커질 것으로 전망된다. 기존 마이크로 LED는 주로 고가 프리미엄 TV나 디지털 사이니지(Signage)에 적용됐다. 대량 양산의 한계와 가격 경쟁력 때문에 시장이 빠른 속도로 크지 않았지만, 2024년부터 VR(가상현실)/AR(증강현실) 기기와 각종 웨어러블 기기 시장에서 본격적으로 마이크로 LED 수요가 발생할 것으로 전망된다. 구글은 2022년 5월 5년차 스타트업 랙시엄을 인수했다. 랙시엄은 VR/AR 기기용 마이크로 LED 디스플레이 기술을 개발하는 업체다. 구글의 마이크로 LED 기반의 VR/AR 기기 시장 진출이 본격화할 것으로 전망된다. 삼성디스플레이도 VR/AR 기기용 디스플레이 후보로 마이크로 LED를 유력하게 보는 것으로 알려졌다. 디지털 콕핏에 탑재되는 차량용 디스플레이와 투명 디스플레이 시장에서도 마이크로 LED 수요가 예상된다. 마이크로 LED 소부장(소재/부품/장비) 생태계가 한층 탄탄해진 것도 시장 확대에 한몫하고 있다. 마이크로 LED는 디스플레이 패널, LED칩, 양산을 위한 전사 장비, 구동칩 등 여러 회사 간 협업이 중요하기 때문이다. 마이크로 사이즈의 LED를 만들려면 고품질의 사파이어 웨이퍼가 필요하기 때문에 품질력을 인정받고 있는 사파이어 웨이퍼를 생산하는 일진디스플레이에도 새로운 기회가 찾아올 것으로 기대된다. 이와 관련하여 전문가들은 향후 시장 동향에 대한 심층 분석을 진행하고 있다."
"1994년 설립된 일진그룹의 디스플레이 계열사 일진디스플레이는 발광다이오드(LED) 기초 소재인 사파이어 잉곳과 웨이퍼, 테블릿PC 노트북용 터치스크린 패널(TSP)을 생산한다. 2000년대 들어 터치패널 시장의 성장 가능성을 읽고 사업을 확대해 2013년 역대 최대 매출인 약 6,600억 원을 달성했다. 그러나 이후 신사업 동력을 발굴하지 못해 실적이 지속적으로 감소했고, 2019~2021년에는 매년 300억 원대의 영업손실을 내며 적자를 이어갔다. 적자 규모가 커지자 평택 공장을 구조 조정하고, 터치패널 부문 생산 역량을 2019년 설립한 베트남 공장으로 넘겼다. 2022년 잠시 흑자 전환에 성공했으나, 2023년에도 IT 수요 위축 등의 영향으로 3분기 누적 적자를 기록하고 있다. 10여 년 전 시장과 기술 트렌드를 잘 읽고 기회를 선점해 고도 성장을 한 뒤 새로운 비즈니스를 찾는 데 실패한 것이 마이너스 성장을 지속하는 이유로 꼽힌다. 이에 업계 최고 전문가를 신임 CEO로 영입하고 기업 쇄신을 위해 총력을 다하고 있다. 일진디스플레이는 인공지능(AI) 시장 성장을 터치패널 부문의 재도약 발판 중 하나로 보고 있다. 인공지능 시대에는 기계와 사람이 교감해야 하고, 그 수단은 결국 디스플레이가 될 것이라는 판단이다. 이에 따라 터치센서와 이를 아우르는 통합 모듈 분야 시장이 성장할 것으로 전망된다. 이 텍스트를 확장해줘.","1994년 설립된 일진그룹의 디스플레이 계열사 일진디스플레이는 발광다이오드(LED) 기초 소재인 사파이어 잉곳과 웨이퍼, 테블릿PC 노트북용 터치스크린 패널(TSP)을 생산한다. 2000년대 들어 터치패널 시장의 성장 가능성을 읽고 사업을 확대해 2013년 역대 최대 매출인 약 6,600억 원을 달성했다. 그러나 이후 신사업 동력을 발굴하지 못해 실적이 지속적으로 감소했고, 2019~2021년에는 매년 300억 원대의 영업손실을 내며 적자를 이어갔다. 적자 규모가 커지자 평택 공장을 구조 조정하고, 터치패널 부문 생산 역량을 2019년 설립한 베트남 공장으로 넘겼다. 2022년 잠시 흑자 전환에 성공했으나, 2023년에도 IT 수요 위축 등의 영향으로 3분기 누적 적자를 기록하고 있다. 10여 년 전 시장과 기술 트렌드를 잘 읽고 기회를 선점해 고도 성장을 한 뒤 새로운 비즈니스를 찾는 데 실패한 것이 마이너스 성장을 지속하는 이유로 꼽힌다. 이에 업계 최고 전문가를 신임 CEO로 영입하고 기업 쇄신을 위해 총력을 다하고 있다. 일진디스플레이는 인공지능(AI) 시장 성장을 터치패널 부문의 재도약 발판 중 하나로 보고 있다. 인공지능 시대에는 기계와 사람이 교감해야 하고, 그 수단은 결국 디스플레이가 될 것이라는 판단이다. 이에 따라 터치센서와 이를 아우르는 통합 모듈 분야 시장이 성장할 것으로 전망된다. 이와 관련하여 전문가들은 향후 시장 동향에 대한 심층 분석을 진행하고 있다."
"일진디스플레이가 관련 제조 역량을 보유한 만큼 고객에게 새로운 가치를 제공할 수 있을 것으로 보인다. 또 다른 사업 축인 사파이어 부문도 마이크로 LED 시장 성장이라는 호재를 기다리는 중이다. 마이크로 LED는 곧 워치, 고글 등 소형 전자제품을 중심으로 성장할 것으로 예측된다. 마이크로 사이즈의 LED를 만들려면 고품질의 사파이어 웨이퍼가 필요하기 때문에 일진디스플레이에게도 새로운 기회가 올 것으로 예상된다. 이 텍스트를 확장해줘.","일진디스플레이가 관련 제조 역량을 보유한 만큼 고객에게 새로운 가치를 제공할 수 있을 것으로 보인다. 또 다른 사업 축인 사파이어 부문도 마이크로 LED 시장 성장이라는 호재를 기다리는 중이다. 마이크로 LED는 곧 워치, 고글 등 소형 전자제품을 중심으로 성장할 것으로 예측된다. 마이크로 사이즈의 LED를 만들려면 고품질의 사파이어 웨이퍼가 필요하기 때문에 일진디스플레이에게도 새로운 기회가 올 것으로 예상된다. 이와 관련하여 전문가들은 향후 시장 동향에 대한 심층 분석을 진행하고 있다."
"LG디스플레이는 LG그룹 계열사로 대한민국의 디스플레이 제조사다. 1985년 설립해 1987년 TFT-LCD 개발을 시작으로 OLED, IPS 등의 차별화된 기술을 통해 혁신적인 디스플레이 및 관련 제품을 생산/판매하는 글로벌 디스플레이 회사다. TV, IT, 모바일을 비롯해 자동차 및 상업용 디스플레이 제품에 이르기까지 다양한 디스플레이 제품군에서 Cinematic Sound OLED, 8K OLED, Flexible OLED 등 혁신적인 신기술을 지속 개발하고 있으며 디스플레이업계에서 기술력으로 최고 수준을 자랑한다. 또한 중국과 유럽, 북미 등 주요 시장을 보다 밀착 공략하기 위해 세계 곳곳에 생산 거점 및 판매 법인과 지사를 설립해 운영하고 있다. 이 텍스트를 확장해줘.","LG디스플레이는 LG그룹 계열사로 대한민국의 디스플레이 제조사다. 1985년 설립해 1987년 TFT-LCD 개발을 시작으로 OLED, IPS 등의 차별화된 기술을 통해 혁신적인 디스플레이 및 관련 제품을 생산/판매하는 글로벌 디스플레이 회사다. TV, IT, 모바일을 비롯해 자동차 및 상업용 디스플레이 제품에 이르기까지 다양한 디스플레이 제품군에서 Cinematic Sound OLED, 8K OLED, Flexible OLED 등 혁신적인 신기술을 지속 개발하고 있으며 디스플레이업계에서 기술력으로 최고 수준을 자랑한다. 또한 중국과 유럽, 북미 등 주요 시장을 보다 밀착 공략하기 위해 세계 곳곳에 생산 거점 및 판매 법인과 지사를 설립해 운영하고 있다. 이와 관련하여 전문가들은 향후 시장 동향에 대한 심층 분석을 진행하고 있다."
"LCM/BLU와 Power 사업을 10년 이상 지속하면서 쌓인 설계, 제조 역량을 기반으로 TV 시장 진화 트렌드에 부합하는 다양한 제품군을 설계, 제조, 판매하고 있다. 특히 TV, 모니터, Digital Signage 등의 제품에 사용하는 Power(SMPS), Panel Driver 및 영상신호 처리보드 등을 고객 요구에 맞춰 설계, 제조해 공급하고 있다. 한솔테크닉스는 친환경, 고효율, 반영구적 광소자 LED(Light Emitting Diode)의 소재인 웨이퍼를 차별화된 원가 및 품질 경쟁력으로 생산하고 있으며, 마이크로 LED의 성장 가능성이 가시화됨에 따라 파급력 또한 크게 확대될 전망이다. 사파이어 시장의 요구 기술을 선제적으로 대응하는 글로벌 소재 일류 기업으로 성장하고 있다. 이 텍스트를 확장해줘.","LCM/BLU와 Power 사업을 10년 이상 지속하면서 쌓인 설계, 제조 역량을 기반으로 TV 시장 진화 트렌드에 부합하는 다양한 제품군을 설계, 제조, 판매하고 있다. 특히 TV, 모니터, Digital Signage 등의 제품에 사용하는 Power(SMPS), Panel Driver 및 영상신호 처리보드 등을 고객 요구에 맞춰 설계, 제조해 공급하고 있다. 한솔테크닉스는 친환경, 고효율, 반영구적 광소자 LED(Light Emitting Diode)의 소재인 웨이퍼를 차별화된 원가 및 품질 경쟁력으로 생산하고 있으며, 마이크로 LED의 성장 가능성이 가시화됨에 따라 파급력 또한 크게 확대될 전망이다. 사파이어 시장의 요구 기술을 선제적으로 대응하는 글로벌 소재 일류 기업으로 성장하고 있다. 이와 관련하여 전문가들은 향후 시장 동향에 대한 심층 분석을 진행하고 있다."
"파인텍은 2008년 설립해 끊임없는 R&D 투자와 우수 인력 확보로 전문적인 디스플레이 소재 분야의 선도 기업으로 성장해 왔다. 파인텍은 창립 이래 지속적인 연구 개발로 디스플레이 BLU를 국산화했고, 세계 최초로 폴더블 디스플레이 제조장비를 개발하는 등 디스플레이 산업에서 첨단 기술을 선도하는 기업으로 자리 잡았다. 파인텍은 디스플레이 토털 솔루션 기업을 뛰어넘어 이차전지 장비와 센서 사업에서의 끊임없는 도전과 혁신으로 글로벌 일류 기업으로 위상을 확고히 해 나가고 있다.일진디스플레이의 사업부는 크게 사파이어사업부와 터치사업부로 나뉜다. 사파이어사업부는 발광다이오드(LED)용 사파이어 웨이퍼를 주로 생산하고, 터치사업부는 휴대폰이나 태블릿에 쓰이는 터치스크린 패널을 제조한다. 일진디스플레이의 매출 90% 이상이 터치사업부에서 발생하고, 사파이어사업부의 매출 비중은 10%도 되지 않는다. 하지만 사파이어사업부에 대한 기대는 상당하다. 세계적으로 마이크로 LED 시장이 성장세에 있는데, 마이크로 LED 제조를 위해서는 사파이어 웨이퍼가 필요하기 때문이다. 마이크로 LED는 일반 LED에 비해 길이와 넓이가 각각 10분의 1, 100분의 1 수준이다. 다만, 아직까지는 기술력 등의 문제로 마이크로 LED를 사용하는 기기가 많지 않다. 시장조사기관 마켓앤드마켓은 마이크로 LED 시장 규모가 2020년 17억 달러(약 2조 1,250억 원)에서 2025년 199억 달러(약 25조 원)로 성장할 것으로 전망했다. 마이크로 LED는 스마트워치, 가상현실(VR) 등의 기기를 통해 시장이 형성되면서 향후에는 태블릿, 스마트폰 분야로 확대될 것으로 예상된다. 마이크로 LED 시장이 개화되면 사파이어 소재에 대한 수요가 급격히 늘어날 것으로 전망되며 사파이어 웨이퍼의 가격도 상승할 것으로 기대된다. 이 텍스트를 확장해줘.","파인텍은 2008년 설립해 끊임없는 R&D 투자와 우수 인력 확보로 전문적인 디스플레이 소재 분야의 선도 기업으로 성장해 왔다. 파인텍은 창립 이래 지속적인 연구 개발로 디스플레이 BLU를 국산화했고, 세계 최초로 폴더블 디스플레이 제조장비를 개발하는 등 디스플레이 산업에서 첨단 기술을 선도하는 기업으로 자리 잡았다. 파인텍은 디스플레이 토털 솔루션 기업을 뛰어넘어 이차전지 장비와 센서 사업에서의 끊임없는 도전과 혁신으로 글로벌 일류 기업으로 위상을 확고히 해 나가고 있다.일진디스플레이의 사업부는 크게 사파이어사업부와 터치사업부로 나뉜다. 사파이어사업부는 발광다이오드(LED)용 사파이어 웨이퍼를 주로 생산하고, 터치사업부는 휴대폰이나 태블릿에 쓰이는 터치스크린 패널을 제조한다. 일진디스플레이의 매출 90% 이상이 터치사업부에서 발생하고, 사파이어사업부의 매출 비중은 10%도 되지 않는다. 하지만 사파이어사업부에 대한 기대는 상당하다. 세계적으로 마이크로 LED 시장이 성장세에 있는데, 마이크로 LED 제조를 위해서는 사파이어 웨이퍼가 필요하기 때문이다. 마이크로 LED는 일반 LED에 비해 길이와 넓이가 각각 10분의 1, 100분의 1 수준이다. 다만, 아직까지는 기술력 등의 문제로 마이크로 LED를 사용하는 기기가 많지 않다. 시장조사기관 마켓앤드마켓은 마이크로 LED 시장 규모가 2020년 17억 달러(약 2조 1,250억 원)에서 2025년 199억 달러(약 25조 원)로 성장할 것으로 전망했다. 마이크로 LED는 스마트워치, 가상현실(VR) 등의 기기를 통해 시장이 형성되면서 향후에는 태블릿, 스마트폰 분야로 확대될 것으로 예상된다. 마이크로 LED 시장이 개화되면 사파이어 소재에 대한 수요가 급격히 늘어날 것으로 전망되며 사파이어 웨이퍼의 가격도 상승할 것으로 기대된다. 이와 관련하여 전문가들은 향후 시장 동향에 대한 심층 분석을 진행하고 있다."
"2023년 8월 특허청 반도체심사추진단이 국내 디스플레이업계 관계자들과 ‘지식재산 제도 개선 간담회’를 진행했다. 최근 국내외 디스플레이 기업 간 격화되고 있는 기술 경쟁이 특허 분쟁으로 이어지고 있다. 이에 국내 디스플레이업계의 불편 사항을 듣고 이를 개선해 국내 기업의 세계 경쟁력 확보에 기여하고자 마련한 자리다. 간담회에서는 국내 반도체 분야 경쟁력 강화를 위한 추진단의 설립 취지와 국내 반도체 산업을 지원하기 위한 특허청의 주요 정책이 소개됐다. 아울러 디스플레이 분야 특허제도 개선 방안도 논의됐다. 관계자들은 세계 시장에서 초격차 우위를 지켜가기 위해 첨단 기술이 특허로 신속하게 보호받을 수 있는 제도적 장치가 필요하다고 강조했다. 이에 따라 간담회에서는 특허 경쟁력 확보의 중요성을 되짚고, 디스플레이 핵심 기술이 적기에 보호받을 수 있는 지원 정책을 논의했다. 특허청은 2023년 3월 반도체/디스플레이 민간 전문가 30명을 심사관으로 채용한 데 이어 앞으로 민간 전문가를 추가로 채용할 계획을 밝혔다. 이 텍스트를 확장해줘.","2023년 8월 특허청 반도체심사추진단이 국내 디스플레이업계 관계자들과 ‘지식재산 제도 개선 간담회’를 진행했다. 최근 국내외 디스플레이 기업 간 격화되고 있는 기술 경쟁이 특허 분쟁으로 이어지고 있다. 이에 국내 디스플레이업계의 불편 사항을 듣고 이를 개선해 국내 기업의 세계 경쟁력 확보에 기여하고자 마련한 자리다. 간담회에서는 국내 반도체 분야 경쟁력 강화를 위한 추진단의 설립 취지와 국내 반도체 산업을 지원하기 위한 특허청의 주요 정책이 소개됐다. 아울러 디스플레이 분야 특허제도 개선 방안도 논의됐다. 관계자들은 세계 시장에서 초격차 우위를 지켜가기 위해 첨단 기술이 특허로 신속하게 보호받을 수 있는 제도적 장치가 필요하다고 강조했다. 이에 따라 간담회에서는 특허 경쟁력 확보의 중요성을 되짚고, 디스플레이 핵심 기술이 적기에 보호받을 수 있는 지원 정책을 논의했다. 특허청은 2023년 3월 반도체/디스플레이 민간 전문가 30명을 심사관으로 채용한 데 이어 앞으로 민간 전문가를 추가로 채용할 계획을 밝혔다. 이와 관련하여 전문가들은 향후 시장 동향에 대한 심층 분석을 진행하고 있다."
"전 세계적으로 ESG가 기업 경영의 필수 요소로 떠오르면서 디스플레이업계에서도 주요 화두가 되고 있다. 이에 주요 OLED 패널업체들은 물론 소재업체들도 지속가능성을 위한 친환경 기술 개발에 총력을 기울이고 있다. 업계에 따르면 OLED 시장은 2024년부터 청색 인광 등 신소재 도입으로 에너지 효율성을 높일 수 있을 것으로 보인다. 한국디스플레이산업협회는 2023년 10월 ‘2023년 디스플레이 ESG 경영지원 정책 세미나’를 개최하고 전략을 모색했다. 국내 주요 기업들도 디스플레이 산업의 지속가능성을 위해 노력해 왔다. 삼성디스플레이는 5대 지속가능경영 가치인 기후변화 대응, 순환경제 실현, 제품 지속가능성 관리, 지역사회 기여, 공급망 관리 기반의 ‘Sustainable Value 2025’를 수립해 조직체계 구축, 리스크 관리, 대응 전략, 관련 설비 투자 등 다양한 노력을 기울이고 있다. LG디스플레이는 기후 위기에 선제적으로 대응하기 위해 전담 조직 구성, 저탄소 생산기술 개발, 에너지 효율 극대화, 대기 및 수질 오염물질 배출량 모니터링 강화, 온실가스 배출권 거래제도 참여 등 다양한 정책을 추진 중이다. 디스플레이 재료에 요구되는 에너지 효율성도 점차 중요해지고 있다. 일례로 디스플레이 핵심 부품인 인광 OLED(PHOLED, 폴레드)는 에너지 효율적인 미래의 핵심 부품으로 자리매김하고 있다. 이미 한국 디스플레이 산업이 가전제품의 탄소 배출을 줄이고 디스플레이의 미래를 발전시키는 데 기여하고 있다. 이 텍스트를 확장해줘.","전 세계적으로 ESG가 기업 경영의 필수 요소로 떠오르면서 디스플레이업계에서도 주요 화두가 되고 있다. 이에 주요 OLED 패널업체들은 물론 소재업체들도 지속가능성을 위한 친환경 기술 개발에 총력을 기울이고 있다. 업계에 따르면 OLED 시장은 2024년부터 청색 인광 등 신소재 도입으로 에너지 효율성을 높일 수 있을 것으로 보인다. 한국디스플레이산업협회는 2023년 10월 ‘2023년 디스플레이 ESG 경영지원 정책 세미나’를 개최하고 전략을 모색했다. 국내 주요 기업들도 디스플레이 산업의 지속가능성을 위해 노력해 왔다. 삼성디스플레이는 5대 지속가능경영 가치인 기후변화 대응, 순환경제 실현, 제품 지속가능성 관리, 지역사회 기여, 공급망 관리 기반의 ‘Sustainable Value 2025’를 수립해 조직체계 구축, 리스크 관리, 대응 전략, 관련 설비 투자 등 다양한 노력을 기울이고 있다. LG디스플레이는 기후 위기에 선제적으로 대응하기 위해 전담 조직 구성, 저탄소 생산기술 개발, 에너지 효율 극대화, 대기 및 수질 오염물질 배출량 모니터링 강화, 온실가스 배출권 거래제도 참여 등 다양한 정책을 추진 중이다. 디스플레이 재료에 요구되는 에너지 효율성도 점차 중요해지고 있다. 일례로 디스플레이 핵심 부품인 인광 OLED(PHOLED, 폴레드)는 에너지 효율적인 미래의 핵심 부품으로 자리매김하고 있다. 이미 한국 디스플레이 산업이 가전제품의 탄소 배출을 줄이고 디스플레이의 미래를 발전시키는 데 기여하고 있다. 이와 관련하여 전문가들은 향후 시장 동향에 대한 심층 분석을 진행하고 있다."
"전기차, 자율주행차 등 미래차 시장이 열리면서 차량용 디스플레이 수요가 급증하고 있다. TV 수요 둔화와 중국 업체들의 저가 공세에 위기를 맞은 국내 디스플레이업체들은 차량용 디스플레이를 미래 먹거리 삼아 돌파구를 마련한다는 구상이다. 시장조사기관 디스플레이 서플라이 체인(DSCC)은 최근 보고서에서 2023년 글로벌 차량용 디스플레이 출하량이 2억 장을 넘을 것으로 전망했다. 자동차가 단순한 운송 수단을 넘어 디지털 생활 공간으로 변화하면서 디스플레이의 역할이 더 중요해졌다. 특히 유기발광다이오드(OLED) 패널이 차량용 디스플레이 시장을 이끌 것으로 보인다. OLED는 액정표시장치(LCD)보다 화질과 시야각이 뛰어나다. 또 얇고 가벼운 데다 자연스러운 곡면을 구현할 수 있어 차량용 디스플레이로 최적이라는 평가를 받는다.일진디스플레이는 2019년 3월 베트남 법인을 설립하면서 생산 기지 이전을 추진해 왔다. 사업 재편의 일환으로 주력인 터치스크린 패널(TSP) 생산 거점을 평택에서 베트남으로 옮기는 방안을 추진한 것. 베트남은 낮은 인건비와 풍부한 노동력을 갖춘 만큼 경쟁사보다 가격 등에서 우위에 설 수 있다는 판단 때문이다. 무엇보다 일진디스플레이 터치사업부의 최대 고객사인 삼성전자와의 접근성도 영향을 미쳤다. 일진디스플레이는 삼성전자 베트남 법인에 대한 공급량 확대를 기대하고 있다. 거래처와 가까운 거리에 위치해 수요에 적극적이고 빠르게 대응할 뿐만 아니라 물류비를 절감할 수 있다는 장점도 있다. 베트남 법인 설립 이후 일진디스플레이는 베트남 공장을 본격적으로 가동하기 시작했다. 꾸준히 실적이 상승하면서 2023년 상반기에는 큰 폭으로 매출이 증가했다. 앞으로 평택 공장 가동을 대폭 줄이고 지속적인 투자로 베트남 공장을 확장할 계획이다. 이 텍스트를 확장해줘.","전기차, 자율주행차 등 미래차 시장이 열리면서 차량용 디스플레이 수요가 급증하고 있다. TV 수요 둔화와 중국 업체들의 저가 공세에 위기를 맞은 국내 디스플레이업체들은 차량용 디스플레이를 미래 먹거리 삼아 돌파구를 마련한다는 구상이다. 시장조사기관 디스플레이 서플라이 체인(DSCC)은 최근 보고서에서 2023년 글로벌 차량용 디스플레이 출하량이 2억 장을 넘을 것으로 전망했다. 자동차가 단순한 운송 수단을 넘어 디지털 생활 공간으로 변화하면서 디스플레이의 역할이 더 중요해졌다. 특히 유기발광다이오드(OLED) 패널이 차량용 디스플레이 시장을 이끌 것으로 보인다. OLED는 액정표시장치(LCD)보다 화질과 시야각이 뛰어나다. 또 얇고 가벼운 데다 자연스러운 곡면을 구현할 수 있어 차량용 디스플레이로 최적이라는 평가를 받는다.일진디스플레이는 2019년 3월 베트남 법인을 설립하면서 생산 기지 이전을 추진해 왔다. 사업 재편의 일환으로 주력인 터치스크린 패널(TSP) 생산 거점을 평택에서 베트남으로 옮기는 방안을 추진한 것. 베트남은 낮은 인건비와 풍부한 노동력을 갖춘 만큼 경쟁사보다 가격 등에서 우위에 설 수 있다는 판단 때문이다. 무엇보다 일진디스플레이 터치사업부의 최대 고객사인 삼성전자와의 접근성도 영향을 미쳤다. 일진디스플레이는 삼성전자 베트남 법인에 대한 공급량 확대를 기대하고 있다. 거래처와 가까운 거리에 위치해 수요에 적극적이고 빠르게 대응할 뿐만 아니라 물류비를 절감할 수 있다는 장점도 있다. 베트남 법인 설립 이후 일진디스플레이는 베트남 공장을 본격적으로 가동하기 시작했다. 꾸준히 실적이 상승하면서 2023년 상반기에는 큰 폭으로 매출이 증가했다. 앞으로 평택 공장 가동을 대폭 줄이고 지속적인 투자로 베트남 공장을 확장할 계획이다. 이와 관련하여 전문가들은 향후 시장 동향에 대한 심층 분석을 진행하고 있다."
"일진그룹의 디스플레이 계열사 일진디스플레이는 1994년 설립됐다. 성장 동력의 핵심 분야로 각광받고 있는 입력장치인 ‘터치패널’과 LED 핵심 소재인 ‘사파이어 웨이퍼’를 생산/판매하는 IT 부품소재 전문 기업이다. 2008년 사업을 개시한 터치패널 부문은 2009년 스마트폰 및 태블릿PC용 정전용량 터치센서 개발을 통해 사업을 본격화한 이래, 업계 내 최고 수준의 기술력과 시장 점유율을 유지해 왔다. 현재는 자동차 전장, 생활가전, 노트PC, 산업용 등으로 애플리케이션을 확대하고 있다. 2000년대 들어 터치패널 시장의 성장 가능성을 읽고 사업을 확대해 2013년 역대 최대 매출인 약 6,600억 원을 달성했고, 2019년에는 베트남 법인을 설립했다. 이 텍스트를 확장해줘.","일진그룹의 디스플레이 계열사 일진디스플레이는 1994년 설립됐다. 성장 동력의 핵심 분야로 각광받고 있는 입력장치인 ‘터치패널’과 LED 핵심 소재인 ‘사파이어 웨이퍼’를 생산/판매하는 IT 부품소재 전문 기업이다. 2008년 사업을 개시한 터치패널 부문은 2009년 스마트폰 및 태블릿PC용 정전용량 터치센서 개발을 통해 사업을 본격화한 이래, 업계 내 최고 수준의 기술력과 시장 점유율을 유지해 왔다. 현재는 자동차 전장, 생활가전, 노트PC, 산업용 등으로 애플리케이션을 확대하고 있다. 2000년대 들어 터치패널 시장의 성장 가능성을 읽고 사업을 확대해 2013년 역대 최대 매출인 약 6,600억 원을 달성했고, 2019년에는 베트남 법인을 설립했다. 이와 관련하여 전문가들은 향후 시장 동향에 대한 심층 분석을 진행하고 있다."
"그동안 축적된 기술력을 토대로 최근 급격하게 성장하고 있는 OLED 디스플레이에 적용 가능한 차세대 Flexible Touch 및 Force Touch 제품을 개발/양산하고 있다. 또 보안, 금융, 신분증 등과 같이 인증과 보안이 필요한 영역에 광범위하게 적용할 수 있는 지문인식센서를 개발해 향후 지속적인 성장이 기대된다. 그동안 축적된 기술력을 토대로 최근 급격하게 성장하고 있는 OLED 디스플레이에 적용 가능한 차세대 Flexible Touch 및 Force Touch 제품을 개발/양산하고 있다. 또 보안, 금융, 신분증 등과 같이 인증과 보안이 필요한 영역에 광범위하게 적용할 수 있는 지문인식센서를 개발해 향후 지속적인 성장이 기대된다. 이 텍스트를 확장해줘.","그동안 축적된 기술력을 토대로 최근 급격하게 성장하고 있는 OLED 디스플레이에 적용 가능한 차세대 Flexible Touch 및 Force Touch 제품을 개발/양산하고 있다. 또 보안, 금융, 신분증 등과 같이 인증과 보안이 필요한 영역에 광범위하게 적용할 수 있는 지문인식센서를 개발해 향후 지속적인 성장이 기대된다. 그동안 축적된 기술력을 토대로 최근 급격하게 성장하고 있는 OLED 디스플레이에 적용 가능한 차세대 Flexible Touch 및 Force Touch 제품을 개발/양산하고 있다. 또 보안, 금융, 신분증 등과 같이 인증과 보안이 필요한 영역에 광범위하게 적용할 수 있는 지문인식센서를 개발해 향후 지속적인 성장이 기대된다. 이와 관련하여 전문가들은 향후 시장 동향에 대한 심층 분석을 진행하고 있다."
"항체-약물접합체(ADC) 치료제가 차세대 항암제로 주목받으며, 국내외 제약 기업들이 관련 시장에 뛰어들고 있다. ADC는 특정 항원에만 반응하는 항체에 치료 효과가 뛰어난 화학 약품을 결합해, 약물이 해당 항원에 정확히 작용할 수 있도록 하는 기술이다. ADC 기술로 개발된 의약품은 기존 제품들과 비교해 효과가 뛰어나고 부작용이 적어, 특히 부작용이 심한 항암 분야에서 활발히 연구되고 있다. 하지만 개발이 까다롭고 투자 비용이 막대하기 때문에 ADC 연구개발을 위한 인수 및 공동 연구가 늘어나고 있다. 삼성바이오에피스 또한 ADC 치료제 개발을 위해 국내 바이오벤처 인투셀과 연구개발 협력을 맺었다. 삼성바이오에피스가 공동 연구를 위해 국내 기업과 맺은 최초의 계약이다. 국가신약개발재단에 따르면 ADC 항암제 시장은 2022년 58억 달러(약 7조 6,000억 원)에서 2026년 130억 달러(약 17조 원)로 연평균 22%씩 성장할 것으로 전망된다. 이 텍스트를 확장해줘.","항체-약물접합체(ADC) 치료제가 차세대 항암제로 주목받으며, 국내외 제약 기업들이 관련 시장에 뛰어들고 있다. ADC는 특정 항원에만 반응하는 항체에 치료 효과가 뛰어난 화학 약품을 결합해, 약물이 해당 항원에 정확히 작용할 수 있도록 하는 기술이다. ADC 기술로 개발된 의약품은 기존 제품들과 비교해 효과가 뛰어나고 부작용이 적어, 특히 부작용이 심한 항암 분야에서 활발히 연구되고 있다. 하지만 개발이 까다롭고 투자 비용이 막대하기 때문에 ADC 연구개발을 위한 인수 및 공동 연구가 늘어나고 있다. 삼성바이오에피스 또한 ADC 치료제 개발을 위해 국내 바이오벤처 인투셀과 연구개발 협력을 맺었다. 삼성바이오에피스가 공동 연구를 위해 국내 기업과 맺은 최초의 계약이다. 국가신약개발재단에 따르면 ADC 항암제 시장은 2022년 58억 달러(약 7조 6,000억 원)에서 2026년 130억 달러(약 17조 원)로 연평균 22%씩 성장할 것으로 전망된다. 이와 관련하여 전문가들은 향후 시장 동향에 대한 심층 분석을 진행하고 있다."
"제약바이오업계의 분위기가 바뀌고 있다. 오랜 시간과 천문학적 비용이 들어가는 신약 개발에 적극 뛰어들고 있는데, 여기에 핵심적인 역할을 한 것이 바로 인공지능(AI)이다. AI 기술을 활용해 신약 개발에 투입되는 시간과 비용을 줄이고자, AI 기반 스타트업 투자와 협업을 강화하고 있다. 대표적인 예가 모더나의 코로나19 백신이다. 미국의 제약사인 모더나는 코로나19가 확산될 무렵인 2020년 1월 백신 개발에 착수했다. 보통 백신이 사용되려면 최소 10년의 시간이 필요한데, 모더나는 그해 12월에 백신 사용 허가를 받았다. 화이자 또한 AI를 이용해 11개월 만에 백신을 개발했다. 이들이 빠른 시간 내 성과를 낼 수 있었던 것은 슈퍼컴퓨터와 AI를 활용해 유망한 화합물 구별을 가속화하고, 임상 참가자를 빠르게 모은 것이 주요했다. KDB미래전략연구소 산업기술리서치센터에 따르면 전 세계 AI 신약 개발 스타트업은 220여 개가량이며, 세계 AI 신약 개발 시장은 매년 평균 45.7%씩 성장해 2027년 40억 350만 달러(약 5조 원)에 이를 것으로 예측된다.2023년 11월 삼성바이오에피스가 유전자변형생물체(LMO) 안전관리 콘퍼런스에서 우수 기관으로 선정돼 과학기술정보통신부 장관상을 수상했다. LMO(Living Modified Organism)는 생명공학 기술을 이용해 새롭게 조합된 유전물질을 포함하고 있는 생명체로, 현재 식품/의료/환경 등의 분야에 폭넓게 사용된다. 정부는 LMO의 잠재 위해성 관리와 생물 다양성 보호를 위해 2008년부터 LMO법에 따라 관련 연구시설을 관리하고 있다. 삼성바이오에피스는 LMO 수출입 및 입출고 관리와 누락 방지를 위해 프로세스를 구축하고, LMO 전용 보관시설과 LMO 보관에 적절한 환경을 유지하기 위한 온도 모니터링 시스템을 구축해 운영하고 있다. 또한 임직원들의 안전한 근무 환경을 위해 안전 점검 강화, 안전 의식 향상 활동 등을 진행해 안전을 최우선으로 하는 안전 제일 문화를 정착 중이다.삼성바이오에피스가 2023년 7월 미국 내 휴미라 바이오시밀러 ‘하드리마’를 출시했다. 하드리마는 류마티스 관절염, 소아 특발성 관절염, 건선성 관절염, 강직성 척추염, 크론병, 궤양성 대장염, 판상 건선 등의 자가면역질환 치료제다. 50mg/Ml 저농도와 100mg/mL 고농도 두 가지로 출시됐으며, 파트너사인 오가논이 현지 마케팅과 영업 활동을 맡았다. 삼성바이오에피스는 현재 유럽 시장을 포함해 전 세계 24개 시장에 이 제품을 공급하고 있다. 제품명은 현지 마케팅 전략에 따라 상이하다. 휴미라는 2022년 212억 달러(약 27조 원)의 매출을 달성했으며, 그중 미국 시장 매출이 88%의 비중을 차지했다. 이 텍스트를 확장해줘.","제약바이오업계의 분위기가 바뀌고 있다. 오랜 시간과 천문학적 비용이 들어가는 신약 개발에 적극 뛰어들고 있는데, 여기에 핵심적인 역할을 한 것이 바로 인공지능(AI)이다. AI 기술을 활용해 신약 개발에 투입되는 시간과 비용을 줄이고자, AI 기반 스타트업 투자와 협업을 강화하고 있다. 대표적인 예가 모더나의 코로나19 백신이다. 미국의 제약사인 모더나는 코로나19가 확산될 무렵인 2020년 1월 백신 개발에 착수했다. 보통 백신이 사용되려면 최소 10년의 시간이 필요한데, 모더나는 그해 12월에 백신 사용 허가를 받았다. 화이자 또한 AI를 이용해 11개월 만에 백신을 개발했다. 이들이 빠른 시간 내 성과를 낼 수 있었던 것은 슈퍼컴퓨터와 AI를 활용해 유망한 화합물 구별을 가속화하고, 임상 참가자를 빠르게 모은 것이 주요했다. KDB미래전략연구소 산업기술리서치센터에 따르면 전 세계 AI 신약 개발 스타트업은 220여 개가량이며, 세계 AI 신약 개발 시장은 매년 평균 45.7%씩 성장해 2027년 40억 350만 달러(약 5조 원)에 이를 것으로 예측된다.2023년 11월 삼성바이오에피스가 유전자변형생물체(LMO) 안전관리 콘퍼런스에서 우수 기관으로 선정돼 과학기술정보통신부 장관상을 수상했다. LMO(Living Modified Organism)는 생명공학 기술을 이용해 새롭게 조합된 유전물질을 포함하고 있는 생명체로, 현재 식품/의료/환경 등의 분야에 폭넓게 사용된다. 정부는 LMO의 잠재 위해성 관리와 생물 다양성 보호를 위해 2008년부터 LMO법에 따라 관련 연구시설을 관리하고 있다. 삼성바이오에피스는 LMO 수출입 및 입출고 관리와 누락 방지를 위해 프로세스를 구축하고, LMO 전용 보관시설과 LMO 보관에 적절한 환경을 유지하기 위한 온도 모니터링 시스템을 구축해 운영하고 있다. 또한 임직원들의 안전한 근무 환경을 위해 안전 점검 강화, 안전 의식 향상 활동 등을 진행해 안전을 최우선으로 하는 안전 제일 문화를 정착 중이다.삼성바이오에피스가 2023년 7월 미국 내 휴미라 바이오시밀러 ‘하드리마’를 출시했다. 하드리마는 류마티스 관절염, 소아 특발성 관절염, 건선성 관절염, 강직성 척추염, 크론병, 궤양성 대장염, 판상 건선 등의 자가면역질환 치료제다. 50mg/Ml 저농도와 100mg/mL 고농도 두 가지로 출시됐으며, 파트너사인 오가논이 현지 마케팅과 영업 활동을 맡았다. 삼성바이오에피스는 현재 유럽 시장을 포함해 전 세계 24개 시장에 이 제품을 공급하고 있다. 제품명은 현지 마케팅 전략에 따라 상이하다. 휴미라는 2022년 212억 달러(약 27조 원)의 매출을 달성했으며, 그중 미국 시장 매출이 88%의 비중을 차지했다. 이와 관련하여 전문가들은 향후 시장 동향에 대한 심층 분석을 진행하고 있다."
"삼성바이오에피스가 매년 하절기 바이오 인재를 대상으로 한 직무 멘토링 프로그램 및 회사 설명회를 진행하고 있다. 2021년 처음 시작해 2023년 8월 3회를 맞았다. ‘여름에 뭐하니?’라는 주제로 ‘에피스 프라이데이’, ‘에피스와 랜선사(社)담’ 등 다양한 프로그램을 진행한다. 에피스 프라이데이는 삼성바이오에피스의 5년차 이상 직원들이 멘토로 나서 바이오 인재들에게 회사 및 직무 소개, 취업 관련 노하우 등을 공유하는 오프라인 멘토링 프로그램이다. 또 다른 프로그램인 에피스와 랜선사담은 온라인 회사 설명회로 회사 소개 및 질의 응답, 임원 특강 등의 행사가 진행됐다. 삼성바이오에피스는 미래 바이오 산업을 이끌 인재들을 위해 매년 다양한 멘토링 프로그램을 진행하고 있으며, 국내 여러 대학과 산학협력 활동을 펼치기도 한다. 이 텍스트를 확장해줘.","삼성바이오에피스가 매년 하절기 바이오 인재를 대상으로 한 직무 멘토링 프로그램 및 회사 설명회를 진행하고 있다. 2021년 처음 시작해 2023년 8월 3회를 맞았다. ‘여름에 뭐하니?’라는 주제로 ‘에피스 프라이데이’, ‘에피스와 랜선사(社)담’ 등 다양한 프로그램을 진행한다. 에피스 프라이데이는 삼성바이오에피스의 5년차 이상 직원들이 멘토로 나서 바이오 인재들에게 회사 및 직무 소개, 취업 관련 노하우 등을 공유하는 오프라인 멘토링 프로그램이다. 또 다른 프로그램인 에피스와 랜선사담은 온라인 회사 설명회로 회사 소개 및 질의 응답, 임원 특강 등의 행사가 진행됐다. 삼성바이오에피스는 미래 바이오 산업을 이끌 인재들을 위해 매년 다양한 멘토링 프로그램을 진행하고 있으며, 국내 여러 대학과 산학협력 활동을 펼치기도 한다. 이와 관련하여 전문가들은 향후 시장 동향에 대한 심층 분석을 진행하고 있다."
"삼성바이오에피스는 2019년 흑자 전환에 성공한 후 매년 두 자릿수의 영업이익률을 기록하며 빠르게 성장하고 있다. 특히 2020년부터는 매년 1,000억 원대 이상의 매출 및 400억 원가량의 영업이익 신장을 달성했다. 영업이익률 역시 매년 높아지고 있다. 이에 따라 2018년 400%를 기록했던 부채 비율이 2022년 100% 중반으로 낮아졌으며 현금 흐름 또한 원활해졌다. 수익성과 함께 글로벌 성장 가능성도 높아졌다. 2021년 12월 첫 지속가능경영보고서를 발간하며 글로벌 바이오 기업의 면모를 드러냈으며, 미래 인재 양성을 위해 전국 주요 대학들과 산학협력을 체결했다. 2022년과 2023년에는 환경경영 국제표준인 ISO14001과 에너지경영(ISO50001), 정보보호경영(ISO27001), 안전보건경영(ISO45001) 인증을 획득하며 글로벌 수준의 ESG 경영 시스템을 구축하고 있다. 삼성바이오에피스는 현재 7종의 바이오시밀러 제품을 보유하고 있으며, 추가로 3종의 바이오시밀러 제품군의 임상 실험을 진행하고 있다. 2023년부터 2032년까지 수십 종의 오리지널 바이오의약품 특허가 만료될 예정인 만큼 바이오시밀러 시장의 성장과 함께 삼성바이오에피스의 성장 또는 눈부실 것으로 기대된다. 무엇보다 삼성그룹 경영진이 반도체의 뒤를 이을 먹거리로 바이오를 점찍은 만큼 글로벌 최고 수준의 기업으로 성장할 가능성이 크다. 이 텍스트를 확장해줘.","삼성바이오에피스는 2019년 흑자 전환에 성공한 후 매년 두 자릿수의 영업이익률을 기록하며 빠르게 성장하고 있다. 특히 2020년부터는 매년 1,000억 원대 이상의 매출 및 400억 원가량의 영업이익 신장을 달성했다. 영업이익률 역시 매년 높아지고 있다. 이에 따라 2018년 400%를 기록했던 부채 비율이 2022년 100% 중반으로 낮아졌으며 현금 흐름 또한 원활해졌다. 수익성과 함께 글로벌 성장 가능성도 높아졌다. 2021년 12월 첫 지속가능경영보고서를 발간하며 글로벌 바이오 기업의 면모를 드러냈으며, 미래 인재 양성을 위해 전국 주요 대학들과 산학협력을 체결했다. 2022년과 2023년에는 환경경영 국제표준인 ISO14001과 에너지경영(ISO50001), 정보보호경영(ISO27001), 안전보건경영(ISO45001) 인증을 획득하며 글로벌 수준의 ESG 경영 시스템을 구축하고 있다. 삼성바이오에피스는 현재 7종의 바이오시밀러 제품을 보유하고 있으며, 추가로 3종의 바이오시밀러 제품군의 임상 실험을 진행하고 있다. 2023년부터 2032년까지 수십 종의 오리지널 바이오의약품 특허가 만료될 예정인 만큼 바이오시밀러 시장의 성장과 함께 삼성바이오에피스의 성장 또는 눈부실 것으로 기대된다. 무엇보다 삼성그룹 경영진이 반도체의 뒤를 이을 먹거리로 바이오를 점찍은 만큼 글로벌 최고 수준의 기업으로 성장할 가능성이 크다. 이와 관련하여 전문가들은 향후 시장 동향에 대한 심층 분석을 진행하고 있다."
"바이오시밀러는 오리지널과 거의 같은 효능/효과를 보이면서도 오리지널 제품보다 30%가량 저렴한 가격으로 출시돼 환자들의 치료 부담을 줄여준다는 장점이 있다. 의약품 시장 조사업체 아이큐비아에 따르면 미국에서는 최근 5년 동안 바이오시밀러를 통해 400억 달러(약 52조 원)의 보험 절감 효과를 보였으며, 유럽 시장에서는 300억 달러(약 42조 원)의 의료비 절감 혜택을 본 것으로 추정된다. 이 텍스트를 확장해줘.","바이오시밀러는 오리지널과 거의 같은 효능/효과를 보이면서도 오리지널 제품보다 30%가량 저렴한 가격으로 출시돼 환자들의 치료 부담을 줄여준다는 장점이 있다. 의약품 시장 조사업체 아이큐비아에 따르면 미국에서는 최근 5년 동안 바이오시밀러를 통해 400억 달러(약 52조 원)의 보험 절감 효과를 보였으며, 유럽 시장에서는 300억 달러(약 42조 원)의 의료비 절감 혜택을 본 것으로 추정된다. 이와 관련하여 전문가들은 향후 시장 동향에 대한 심층 분석을 진행하고 있다."
"미국은 전 세계 최대의 의약품 시장임과 동시에 전 세계에서 가장 약값이 비싼 나라로 꼽힌다. OECD에 따르면 미국의 전문의약품 약가는 프랑스, 독일, 일본, 이탈리아, 영국 등과 비교해 평균 256% 높게 책정돼 있다. 한국과 비교하면 305%의 차이가 난다. 2020년 기준 1인당 의약품 비용 지출 비용을 보면 미국은 1,300만 달러(약 169만 원)를 쓰는데 이는 한국보다 2배 높은 수치다. 이 텍스트를 확장해줘.","미국은 전 세계 최대의 의약품 시장임과 동시에 전 세계에서 가장 약값이 비싼 나라로 꼽힌다. OECD에 따르면 미국의 전문의약품 약가는 프랑스, 독일, 일본, 이탈리아, 영국 등과 비교해 평균 256% 높게 책정돼 있다. 한국과 비교하면 305%의 차이가 난다. 2020년 기준 1인당 의약품 비용 지출 비용을 보면 미국은 1,300만 달러(약 169만 원)를 쓰는데 이는 한국보다 2배 높은 수치다. 이와 관련하여 전문가들은 향후 시장 동향에 대한 심층 분석을 진행하고 있다."
"한국제약바이오협회의 글로벌 제약 산업 통계에 따르면 2021년 세계 의약품 시장은 1조 2,800억 달러(약 1,679조 원)로 연평균 4~9% 성장세를 지속하고 있다. 대륙별 의약품 시장 규모 중 가장 큰 곳은 6,077억 달러(약 791조 원)의 북미 시장이다. 유럽 시장의 의약품 규모는 3,086억 달러(약 401조 7,000억 원)였고, 아시아는 아프리카와 오스트랄라시아를 합산해 3,161억 달러(약 411조 4,000억 원)로 집계됐다. 이 텍스트를 확장해줘.","한국제약바이오협회의 글로벌 제약 산업 통계에 따르면 2021년 세계 의약품 시장은 1조 2,800억 달러(약 1,679조 원)로 연평균 4~9% 성장세를 지속하고 있다. 대륙별 의약품 시장 규모 중 가장 큰 곳은 6,077억 달러(약 791조 원)의 북미 시장이다. 유럽 시장의 의약품 규모는 3,086억 달러(약 401조 7,000억 원)였고, 아시아는 아프리카와 오스트랄라시아를 합산해 3,161억 달러(약 411조 4,000억 원)로 집계됐다. 이와 관련하여 전문가들은 향후 시장 동향에 대한 심층 분석을 진행하고 있다."
"삼성바이오에피스는 2012년 삼성바이오로직스와 미국 바이오젠이 합작설립한 바이오시밀러 전문 기업이다. 설립 3년 만인 2015년에 자가면역질환 치료제 ‘레미케이드(인플릭시맙)’과 ‘엔브렐(에타너셉트)’의 바이오시밀러 2종의 국내 허가를 받았다. 이후 유럽을 시작으로 글로벌 허가를 취득함과 동시에 2017년 자가면역질환 치료제 ‘휴미라(아달리무맙)’ 바이오시밀러와 항암 치료제 ‘허셉틴(트라스투주맙)’ 바이오시밀러의 허가를 받으며 제품군을 늘려갔다. 2020년에는 단클론 항체 계열인 혈관신생 억제제 ‘아바스틴(베바시주맙)’ 바이오시밀러의 유럽 허가를 획득했다. 2021년에는 황반변성 치료제 ‘루센티스(라니비주맙)’ 바이오시밀러의 유럽 및 미국 허가를 획득했고, 2023년 미국 FDA로부터 루센티스 바이오시밀러 상호 교환성을 허가받았다. 이로써 총 6개의 바이오시밀러를 출시함과 동시에 후속 바이오시밀러 제품도 후기 임상 및 허가 절차 단계에 다다르고 있다. 2022년 4월 삼성바이오로직스의 100% 자회사가 됐으며, 현재 셀트리온과 함께 K-바이오 핵심 기업으로 자리하고 있다. 이 텍스트를 확장해줘.","삼성바이오에피스는 2012년 삼성바이오로직스와 미국 바이오젠이 합작설립한 바이오시밀러 전문 기업이다. 설립 3년 만인 2015년에 자가면역질환 치료제 ‘레미케이드(인플릭시맙)’과 ‘엔브렐(에타너셉트)’의 바이오시밀러 2종의 국내 허가를 받았다. 이후 유럽을 시작으로 글로벌 허가를 취득함과 동시에 2017년 자가면역질환 치료제 ‘휴미라(아달리무맙)’ 바이오시밀러와 항암 치료제 ‘허셉틴(트라스투주맙)’ 바이오시밀러의 허가를 받으며 제품군을 늘려갔다. 2020년에는 단클론 항체 계열인 혈관신생 억제제 ‘아바스틴(베바시주맙)’ 바이오시밀러의 유럽 허가를 획득했다. 2021년에는 황반변성 치료제 ‘루센티스(라니비주맙)’ 바이오시밀러의 유럽 및 미국 허가를 획득했고, 2023년 미국 FDA로부터 루센티스 바이오시밀러 상호 교환성을 허가받았다. 이로써 총 6개의 바이오시밀러를 출시함과 동시에 후속 바이오시밀러 제품도 후기 임상 및 허가 절차 단계에 다다르고 있다. 2022년 4월 삼성바이오로직스의 100% 자회사가 됐으며, 현재 셀트리온과 함께 K-바이오 핵심 기업으로 자리하고 있다. 이와 관련하여 전문가들은 향후 시장 동향에 대한 심층 분석을 진행하고 있다."
"현대자동차그룹의 계열사로, 그룹 내 종합물류 업무를 전담한다. 2001년 한국로지텍 주식회사로 설립된 후 2003년 글로비스 주식회사로 사명을 바꿨으며, 2011년 현대자동차그룹 출범과 함께 지금의 현대글로비스가 됐다. 영위 중인 사업은 종합물류업과 유통판매업, 해운업이다. 종합물류업은 고객의 화물에 대한 운송 서비스를 제공하는 사업으로 국내 물류와 해외 물류로 구분된다. 유통판매업은 CKD 부품 공급 사업, 도매 형태의 중고차 경매와 수출을 하는 중고차 사업, 원자재 수출입을 하는 트레이딩 사업으로 구분된다. 해운업은 선박을 이용한 화물운송 사업으로 완성차 운송과 벌크 운송으로 구분된다. 현대글로비스의 주요 고객은 그룹 계열사인 현대자동차와 기아다. 이 텍스트를 확장해줘.","현대자동차그룹의 계열사로, 그룹 내 종합물류 업무를 전담한다. 2001년 한국로지텍 주식회사로 설립된 후 2003년 글로비스 주식회사로 사명을 바꿨으며, 2011년 현대자동차그룹 출범과 함께 지금의 현대글로비스가 됐다. 영위 중인 사업은 종합물류업과 유통판매업, 해운업이다. 종합물류업은 고객의 화물에 대한 운송 서비스를 제공하는 사업으로 국내 물류와 해외 물류로 구분된다. 유통판매업은 CKD 부품 공급 사업, 도매 형태의 중고차 경매와 수출을 하는 중고차 사업, 원자재 수출입을 하는 트레이딩 사업으로 구분된다. 해운업은 선박을 이용한 화물운송 사업으로 완성차 운송과 벌크 운송으로 구분된다. 현대글로비스의 주요 고객은 그룹 계열사인 현대자동차와 기아다. 이와 관련하여 전문가들은 향후 시장 동향에 대한 심층 분석을 진행하고 있다."
"화이자는 1849년 창립한 미국의 제약사로, 2021년 기준 글로벌 1위의 매출을 기록하고 있다. 큰 규모만큼 다양한 약들을 개발하고 생산하는데 특히 성 기능 관련으로 잘 알려진 ‘비아그라’로 유명하다. 미국 내 가장 많은 바이오시밀러를 보유한 기업으로, 2022년 12월 기준 7개 품목을 보유하고 있다. 한국화이자제약은 화이자의 한국 법인으로 1969년 설립됐다. ‘환자들의 삶을 변화시키는 혁신’이라는 기업 목표 실현을 위해 혁신적인 치료제와 백신 분야에서 우수한 제품을 제공하고 있다. 국내외 화이자 사업부의 주요 연구 분야는 내과질환, 염증 및 면역질환, 항암제, 호스피탈, 희귀질환, 백신 등으로 이를 위해 정밀유도 치료제, 예방 백신, 유전자 치료제, 바이오시밀러 사업에 주력하고 있다. 이 텍스트를 확장해줘.","화이자는 1849년 창립한 미국의 제약사로, 2021년 기준 글로벌 1위의 매출을 기록하고 있다. 큰 규모만큼 다양한 약들을 개발하고 생산하는데 특히 성 기능 관련으로 잘 알려진 ‘비아그라’로 유명하다. 미국 내 가장 많은 바이오시밀러를 보유한 기업으로, 2022년 12월 기준 7개 품목을 보유하고 있다. 한국화이자제약은 화이자의 한국 법인으로 1969년 설립됐다. ‘환자들의 삶을 변화시키는 혁신’이라는 기업 목표 실현을 위해 혁신적인 치료제와 백신 분야에서 우수한 제품을 제공하고 있다. 국내외 화이자 사업부의 주요 연구 분야는 내과질환, 염증 및 면역질환, 항암제, 호스피탈, 희귀질환, 백신 등으로 이를 위해 정밀유도 치료제, 예방 백신, 유전자 치료제, 바이오시밀러 사업에 주력하고 있다. 이와 관련하여 전문가들은 향후 시장 동향에 대한 심층 분석을 진행하고 있다."
"한국항공우주산업은 1999년 설립한 항공기 전문 기업으로, 국내 민/군 항공 및 우주 산업의 핵심적인 위치에 있다. 주요 사업은 항공기, 우주선, 위성체, 발사체 및 동 부품에 대한 설계, 제조, 판매, 정비 등으로 한국 정부를 비롯한 각국 정부에 군용기를 공급한다. 아울러 국내 최초로 민간 기업이 주관하는 차세대 중형 위성, 국방 위성 개발 사업으로 진출했다. 한국형 발사체인 ‘누리호’의 총조립을 담당했으며, 핵심 구성품인 1단 추진제 탱크를 제작하는 등 위성 사업을 넘어 우주 산업 전반으로 기술 역량을 확장해 나가고 있다. 이 텍스트를 확장해줘.","한국항공우주산업은 1999년 설립한 항공기 전문 기업으로, 국내 민/군 항공 및 우주 산업의 핵심적인 위치에 있다. 주요 사업은 항공기, 우주선, 위성체, 발사체 및 동 부품에 대한 설계, 제조, 판매, 정비 등으로 한국 정부를 비롯한 각국 정부에 군용기를 공급한다. 아울러 국내 최초로 민간 기업이 주관하는 차세대 중형 위성, 국방 위성 개발 사업으로 진출했다. 한국형 발사체인 ‘누리호’의 총조립을 담당했으며, 핵심 구성품인 1단 추진제 탱크를 제작하는 등 위성 사업을 넘어 우주 산업 전반으로 기술 역량을 확장해 나가고 있다. 이와 관련하여 전문가들은 향후 시장 동향에 대한 심층 분석을 진행하고 있다."
"‘뉴 스페이스(New Space)’ 시대가 도래했다. 뉴 스페이스 시대는 민간 기업 중심의 우주개발 산업을 의미한다. 과거 국가 주도로 진행했던 것과 중심축의 차이가 있다는 뜻에서 ‘뉴(New)’ 시대로 부른다. ‘스페이스 테크(Space Tech)’는 현 우주개발과 관련된 다양한 기술을 뜻한다. 반도체와 이차전지, 인공지능(AI)의 뒤를 이을 차세대 성장 산업으로 주목받고 있다. 스페이스 테크를 주도하고 있는 나라는 미국이다. 스페이스X와 아마존이 필두에 선 우주 로켓이 달과 화성으로 날아가고 있다. 우주 탐사 및 인공위성 발사 프로젝트도 기하급수적으로 늘어났다. 업계에 따르면 연간 발사되는 인공위성의 수가 2021년 1,400개를 넘어섰다. 2030년에는 우주 산업의 투자 규모가 1조 달러(약 1,300조 원)에 달할 것이라는 분석이 지배적이다. 국내 기업들 또한 우주 산업을 겨냥한 사업을 확장하고 있다. 관련 기술이 발전하며 엔지니어링 및 설계, 시뮬레이션 등을 디지털 공간에서 할 수 있어 우주 프로젝트의 진입장벽이 낮아지고 있다. 네이버클라우드가 위성 서비스용 클라우드 인프라 사업을 본격화했으며, 한글과컴퓨터 역시 위성을 활용한 데이터 서비스 사업을 목표로 자체 인공위성 운영에 나섰다. 인공위성 간의 움직임을 예측하고 충돌을 예방하는 스타트업의 움직임도 늘어났다. 이에 우주 위성 사업을 영위하고 있는 한국항공우주산업의 역할과 중요성 또한 확장될 것으로 보인다. 이 텍스트를 확장해줘.","‘뉴 스페이스(New Space)’ 시대가 도래했다. 뉴 스페이스 시대는 민간 기업 중심의 우주개발 산업을 의미한다. 과거 국가 주도로 진행했던 것과 중심축의 차이가 있다는 뜻에서 ‘뉴(New)’ 시대로 부른다. ‘스페이스 테크(Space Tech)’는 현 우주개발과 관련된 다양한 기술을 뜻한다. 반도체와 이차전지, 인공지능(AI)의 뒤를 이을 차세대 성장 산업으로 주목받고 있다. 스페이스 테크를 주도하고 있는 나라는 미국이다. 스페이스X와 아마존이 필두에 선 우주 로켓이 달과 화성으로 날아가고 있다. 우주 탐사 및 인공위성 발사 프로젝트도 기하급수적으로 늘어났다. 업계에 따르면 연간 발사되는 인공위성의 수가 2021년 1,400개를 넘어섰다. 2030년에는 우주 산업의 투자 규모가 1조 달러(약 1,300조 원)에 달할 것이라는 분석이 지배적이다. 국내 기업들 또한 우주 산업을 겨냥한 사업을 확장하고 있다. 관련 기술이 발전하며 엔지니어링 및 설계, 시뮬레이션 등을 디지털 공간에서 할 수 있어 우주 프로젝트의 진입장벽이 낮아지고 있다. 네이버클라우드가 위성 서비스용 클라우드 인프라 사업을 본격화했으며, 한글과컴퓨터 역시 위성을 활용한 데이터 서비스 사업을 목표로 자체 인공위성 운영에 나섰다. 인공위성 간의 움직임을 예측하고 충돌을 예방하는 스타트업의 움직임도 늘어났다. 이에 우주 위성 사업을 영위하고 있는 한국항공우주산업의 역할과 중요성 또한 확장될 것으로 보인다. 이와 관련하여 전문가들은 향후 시장 동향에 대한 심층 분석을 진행하고 있다."
"미래항공모빌리티(AAM, advanced air mobility)는 미래 교통 산업 생태계를 아우르는 개념이다. 도심항공모빌리티(Urban AM)와 지역항공모빌리티(Regional AM), 무인항공시스템(UAS, unmanned aircraft system)을 포함한다. UAM는 버스나 택시처럼 도심 내 단거리를 오가고, RAM은 KTX처럼 주요 거점 지역을 이동하며, UAS는 물류 전용 이송 수단이 된다. 모건스탠리에 따르면 AAM 시장은 빠르게 확대돼, 2040년 1조 4,739억 달러(약 1,930조 원)에 달할 전망이다. 현재 자동차를 중심으로 모빌리티 사업을 진행하고 있는 기업 대부분이 AAM 산업에 뛰어들고 있으며, 드론업계 역시 적극적으로 참여하고 있다. 한국항공우주산업 또한 항공기를 제작하는 주요 사업과 관련해 ‘에어 모빌리티’ 개발에 힘을 쏟고 있다. 또한 한국형 UAM 생태계 구축을 위한 민/군 겸용 AAV(미래형 비행기체) 독자 플랫폼도 개발 중이다. 이 텍스트를 확장해줘.","미래항공모빌리티(AAM, advanced air mobility)는 미래 교통 산업 생태계를 아우르는 개념이다. 도심항공모빌리티(Urban AM)와 지역항공모빌리티(Regional AM), 무인항공시스템(UAS, unmanned aircraft system)을 포함한다. UAM는 버스나 택시처럼 도심 내 단거리를 오가고, RAM은 KTX처럼 주요 거점 지역을 이동하며, UAS는 물류 전용 이송 수단이 된다. 모건스탠리에 따르면 AAM 시장은 빠르게 확대돼, 2040년 1조 4,739억 달러(약 1,930조 원)에 달할 전망이다. 현재 자동차를 중심으로 모빌리티 사업을 진행하고 있는 기업 대부분이 AAM 산업에 뛰어들고 있으며, 드론업계 역시 적극적으로 참여하고 있다. 한국항공우주산업 또한 항공기를 제작하는 주요 사업과 관련해 ‘에어 모빌리티’ 개발에 힘을 쏟고 있다. 또한 한국형 UAM 생태계 구축을 위한 민/군 겸용 AAV(미래형 비행기체) 독자 플랫폼도 개발 중이다. 이와 관련하여 전문가들은 향후 시장 동향에 대한 심층 분석을 진행하고 있다."
"글로벌 탄소중립 기조에 따라 항공업계가 친환경 항공기로의 전환을 서두르고 있다. 특히 코로나19 엔데믹 후 늘어난 해외여행 수요에 대응하려는 민간 부문에서 적극적이다. 국내 국적항공사인 대한항공은 2023년 11월 에어버스사에 ‘A321neo’ 20대를 주문했으며, 추가로 보잉사의 신형기를 도입할 계획이다. 보유 기종의 첨단화를 통해 고객 서비스 품질 개선은 물론 연료 효율을 높이겠다는 입장이다. 프랑스 국적 항공사 에어프랑스-KLM그룹 역시 에어버스에 신기종 항공기 50대를 주문했다. 새로운 기종은 티타늄과 복합 소재 등을 사용해 기존보다 무게가 가볍기 때문에 연료 효율성이 25%가량 개선된다. 탄소 배출을 줄이기 위해서는 ‘지속가능한 항공유(SAF)’를 사용해야 하지만, 비용이 2~3배 높기 때문에 기업 입장에서는 연료 효율이 높은 신기종으로 전환하는 게 이익이다. 한편 최근 미국 공군이 NASA와 보잉에서 개발한 ‘친환경 항공기’를 도입하겠다는 입장을 발표했다. 미 공군이 채택한 항공기 역시 기존보다 높은 연료 효율을 보이는 것으로 알려졌다. 이 텍스트를 확장해줘.","글로벌 탄소중립 기조에 따라 항공업계가 친환경 항공기로의 전환을 서두르고 있다. 특히 코로나19 엔데믹 후 늘어난 해외여행 수요에 대응하려는 민간 부문에서 적극적이다. 국내 국적항공사인 대한항공은 2023년 11월 에어버스사에 ‘A321neo’ 20대를 주문했으며, 추가로 보잉사의 신형기를 도입할 계획이다. 보유 기종의 첨단화를 통해 고객 서비스 품질 개선은 물론 연료 효율을 높이겠다는 입장이다. 프랑스 국적 항공사 에어프랑스-KLM그룹 역시 에어버스에 신기종 항공기 50대를 주문했다. 새로운 기종은 티타늄과 복합 소재 등을 사용해 기존보다 무게가 가볍기 때문에 연료 효율성이 25%가량 개선된다. 탄소 배출을 줄이기 위해서는 ‘지속가능한 항공유(SAF)’를 사용해야 하지만, 비용이 2~3배 높기 때문에 기업 입장에서는 연료 효율이 높은 신기종으로 전환하는 게 이익이다. 한편 최근 미국 공군이 NASA와 보잉에서 개발한 ‘친환경 항공기’를 도입하겠다는 입장을 발표했다. 미 공군이 채택한 항공기 역시 기존보다 높은 연료 효율을 보이는 것으로 알려졌다. 이와 관련하여 전문가들은 향후 시장 동향에 대한 심층 분석을 진행하고 있다."
"한국항공우주산업이 훈련 공역 부족, 비행 소음 민원 등 현실적인 이유로 실전 비행 훈련에 어려움을 겪는 군을 위해 ‘AI 기반 미래형 비행 시뮬레이터’를 개발한다. 새로 개발할 시뮬레이터는 기존에 정해진 시나리오에서 벗어나 빅데이터로 학습된 가상의 우군기와 적기가 작용된다. 따라서 실전에 가까운 대규모 훈련이 가능하다는 장점이 있다. 한국항공우주산업은 2023년 6월 국방과학연구소 부설 국방신속획득기술연구원과 355억 원 규모의 ‘AI 기반 전술 개발/훈련용 모의비행훈련체계’ 개발 협약을 맺었다. 총 30개월의 사업 기간에 AR(증강현실) 및 MR(혼합현실) 시뮬레이터를 비롯해 AI 가상항공기를 만들 계획이다. 한국항공우주산업은 국내 1위 시뮬레이터 개발 인프라를 보유하고 있으며, 전 세계 7개국, 19개 기지에 총 60여 대의 시뮬레이터를 납품한 바 있다. 향후 함정용 시뮬레이터와 메타버스 시뮬레이터 개발도 추진할 방침이다. 이 텍스트를 확장해줘.","한국항공우주산업이 훈련 공역 부족, 비행 소음 민원 등 현실적인 이유로 실전 비행 훈련에 어려움을 겪는 군을 위해 ‘AI 기반 미래형 비행 시뮬레이터’를 개발한다. 새로 개발할 시뮬레이터는 기존에 정해진 시나리오에서 벗어나 빅데이터로 학습된 가상의 우군기와 적기가 작용된다. 따라서 실전에 가까운 대규모 훈련이 가능하다는 장점이 있다. 한국항공우주산업은 2023년 6월 국방과학연구소 부설 국방신속획득기술연구원과 355억 원 규모의 ‘AI 기반 전술 개발/훈련용 모의비행훈련체계’ 개발 협약을 맺었다. 총 30개월의 사업 기간에 AR(증강현실) 및 MR(혼합현실) 시뮬레이터를 비롯해 AI 가상항공기를 만들 계획이다. 한국항공우주산업은 국내 1위 시뮬레이터 개발 인프라를 보유하고 있으며, 전 세계 7개국, 19개 기지에 총 60여 대의 시뮬레이터를 납품한 바 있다. 향후 함정용 시뮬레이터와 메타버스 시뮬레이터 개발도 추진할 방침이다. 이와 관련하여 전문가들은 향후 시장 동향에 대한 심층 분석을 진행하고 있다."
"한국항공우주산업이 2023년 10월 폴란드 바르샤바에 중부유럽사무소를 열었다. K-방산의 최대 수입국인 폴란드를 거점으로 삼고, 폴란드 FA-50 사업 관리는 물론 유럽 내 노후 전투기 교체 수요가 있는 잠재고객을 대상으로 적극적인 마케팅 활동을 이어갈 계획이다. 앞선 7월 한국항공우주산업은 폴란드와 수출 계약을 맺은 FA-50 2대를 납품했다. 총계약대수는 48대이며, 12대는 2023년 내에 납품하고, 잔여 물량은 폴란드 공군의 요구에 따라 2028년까지 공급할 계획이다. 폴란드 공군은 2023년 8월 폴란드 국군의 날을 기념해 현지 첫 비행을 성공적으로 마쳤다. FA-50의 폴란드 비행은 그간 미국, 프랑스, 이탈리아 등 선진 항공업체가 날던 유럽 항공의 첫 비행이라는 점에서 의미가 남다르다. FA-50은 폴란드 군사재산청(AMW)이 주최하는 국제전시회 ‘라돔에어쇼 2023’에서 두 번째 비행을 통해 영국, 독일, 프랑스, 스위스 등 20만 명의 관람객에게 소개됐다. 한국항공우주산업은 라돔에어쇼의 공식 스폰서로 참가했으며, 2023년 9월 열린 ‘나토 데이즈(NATO Days)’에 또 한 번 전시됐다. 폴란드 수출형 FA-50은 국군의 날 첫 비행 이후 폴란드 주력 전투기인 Mig-29를 대체하는 핵심 기종으로 주목받고 있다. 이 텍스트를 확장해줘.","한국항공우주산업이 2023년 10월 폴란드 바르샤바에 중부유럽사무소를 열었다. K-방산의 최대 수입국인 폴란드를 거점으로 삼고, 폴란드 FA-50 사업 관리는 물론 유럽 내 노후 전투기 교체 수요가 있는 잠재고객을 대상으로 적극적인 마케팅 활동을 이어갈 계획이다. 앞선 7월 한국항공우주산업은 폴란드와 수출 계약을 맺은 FA-50 2대를 납품했다. 총계약대수는 48대이며, 12대는 2023년 내에 납품하고, 잔여 물량은 폴란드 공군의 요구에 따라 2028년까지 공급할 계획이다. 폴란드 공군은 2023년 8월 폴란드 국군의 날을 기념해 현지 첫 비행을 성공적으로 마쳤다. FA-50의 폴란드 비행은 그간 미국, 프랑스, 이탈리아 등 선진 항공업체가 날던 유럽 항공의 첫 비행이라는 점에서 의미가 남다르다. FA-50은 폴란드 군사재산청(AMW)이 주최하는 국제전시회 ‘라돔에어쇼 2023’에서 두 번째 비행을 통해 영국, 독일, 프랑스, 스위스 등 20만 명의 관람객에게 소개됐다. 한국항공우주산업은 라돔에어쇼의 공식 스폰서로 참가했으며, 2023년 9월 열린 ‘나토 데이즈(NATO Days)’에 또 한 번 전시됐다. 폴란드 수출형 FA-50은 국군의 날 첫 비행 이후 폴란드 주력 전투기인 Mig-29를 대체하는 핵심 기종으로 주목받고 있다. 이와 관련하여 전문가들은 향후 시장 동향에 대한 심층 분석을 진행하고 있다."
"한국항공우주산업이 제작을 맡은 한국군의 첫 독자 군사정찰위성 ‘425위성 EO/IR 1호’가 2023년 12월 우주에 안착했다. 우리 군의 정찰위성은 한반도와 주변 지역의 전천후 영상 정보를 수집하기 위한 것으로, 방위사업청과 국방과학연구소 주도 아래 한국항공우주연구원이 개발을 맡고, 한국항공우주산업과 위성 전문 기업 쎄트렉아이가 제작에 참여했다. 이에 그간 미국 측 정찰위성에 의존할 수밖에 없었던 대북 위성 정보를 자체적으로 수집할 수 있게 됐다. 정찰위성 1호기는 전자광학(EO) 및 적외선(IR) 카메라를 장착하고, 400~600km 고도에서 30cm 미만 크기의 물체도 식별할 수 있다. 군은 2025년까지 4기를 추가로 발사해 총 5기의 국산 정찰위성을 확보할 계획이다. 이 텍스트를 확장해줘.","한국항공우주산업이 제작을 맡은 한국군의 첫 독자 군사정찰위성 ‘425위성 EO/IR 1호’가 2023년 12월 우주에 안착했다. 우리 군의 정찰위성은 한반도와 주변 지역의 전천후 영상 정보를 수집하기 위한 것으로, 방위사업청과 국방과학연구소 주도 아래 한국항공우주연구원이 개발을 맡고, 한국항공우주산업과 위성 전문 기업 쎄트렉아이가 제작에 참여했다. 이에 그간 미국 측 정찰위성에 의존할 수밖에 없었던 대북 위성 정보를 자체적으로 수집할 수 있게 됐다. 정찰위성 1호기는 전자광학(EO) 및 적외선(IR) 카메라를 장착하고, 400~600km 고도에서 30cm 미만 크기의 물체도 식별할 수 있다. 군은 2025년까지 4기를 추가로 발사해 총 5기의 국산 정찰위성을 확보할 계획이다. 이와 관련하여 전문가들은 향후 시장 동향에 대한 심층 분석을 진행하고 있다."
"한국항공우주산업은 2022년 연 매출 2조 7,720억 원을 기록하고, 영업이익 1,484억 원을 달성했다. 2021년의 매출액과 영업이익은 각각 2조 5,483억 원과 675억 원이었으며, 2020년에는 2조 8,120억 원과 1,486억 원을 나타냈다. 이 텍스트를 확장해줘.","한국항공우주산업은 2022년 연 매출 2조 7,720억 원을 기록하고, 영업이익 1,484억 원을 달성했다. 2021년의 매출액과 영업이익은 각각 2조 5,483억 원과 675억 원이었으며, 2020년에는 2조 8,120억 원과 1,486억 원을 나타냈다. 이와 관련하여 전문가들은 향후 시장 동향에 대한 심층 분석을 진행하고 있다."
"한국항공우주산업은 항공기를 중심으로 한 우리나라 대표 방위산업체로, 우리 정부와 민간을 대상으로 사업을 영위해 왔다. 국방 예산이라는 한계점은 존재하지만, 최첨단 항공 기술력을 바탕으로 매년 꾸준한 매출을 기록해 왔다. 특히 우리나라는 북한과 대치 중인 상황으로 방위 산업에 대한 국가적 관심과 지원이 높은 편이다. 2022년의 대표적인 사업 성과 중 하나는 한국형 발사체인 ‘누리호’다. 2022년 6월에 발사한 누리호는 모든 과정을 완벽히 수행하며, 계획된 궤도에 성공적으로 안착했다. 이로써 우리나라는 자력으로 1톤급 실용 위성을 발사하는 7번째 국가에 이름을 올렸다. 이 누리호의 총조립을 맡은 곳이 바로 한국항공우주산업이다. 또 하나의 성과는 폴란드와 체결한 FA-50 공급 계약이다. 2023년부터 2025년까지 총 48대의 경전투기 납품 계약을 체결했으며, 계약 규모는 4조 원으로 역대 최대 단일 계약 규모다. 이 텍스트를 확장해줘.","한국항공우주산업은 항공기를 중심으로 한 우리나라 대표 방위산업체로, 우리 정부와 민간을 대상으로 사업을 영위해 왔다. 국방 예산이라는 한계점은 존재하지만, 최첨단 항공 기술력을 바탕으로 매년 꾸준한 매출을 기록해 왔다. 특히 우리나라는 북한과 대치 중인 상황으로 방위 산업에 대한 국가적 관심과 지원이 높은 편이다. 2022년의 대표적인 사업 성과 중 하나는 한국형 발사체인 ‘누리호’다. 2022년 6월에 발사한 누리호는 모든 과정을 완벽히 수행하며, 계획된 궤도에 성공적으로 안착했다. 이로써 우리나라는 자력으로 1톤급 실용 위성을 발사하는 7번째 국가에 이름을 올렸다. 이 누리호의 총조립을 맡은 곳이 바로 한국항공우주산업이다. 또 하나의 성과는 폴란드와 체결한 FA-50 공급 계약이다. 2023년부터 2025년까지 총 48대의 경전투기 납품 계약을 체결했으며, 계약 규모는 4조 원으로 역대 최대 단일 계약 규모다. 이와 관련하여 전문가들은 향후 시장 동향에 대한 심층 분석을 진행하고 있다."
"러시아와 우크라이나의 전쟁이 장기화되고, 이스라엘과 하마스 간 무력 충돌이 계속되며 글로벌 방산 시장이 빠르게 커지고 있다. 또 미국의 스페이스X, 아마존 등이 연이어 성과를 거두며 우주 산업에 대한 관심과 지원도 늘고 있는 상황이다. 이에 우주 산업과 방위 산업의 핵심적인 역할을 맡고 있는 한국항공우주산업의 가치 또한 더욱 커질 것으로 보인다. 이 텍스트를 확장해줘.","러시아와 우크라이나의 전쟁이 장기화되고, 이스라엘과 하마스 간 무력 충돌이 계속되며 글로벌 방산 시장이 빠르게 커지고 있다. 또 미국의 스페이스X, 아마존 등이 연이어 성과를 거두며 우주 산업에 대한 관심과 지원도 늘고 있는 상황이다. 이에 우주 산업과 방위 산업의 핵심적인 역할을 맡고 있는 한국항공우주산업의 가치 또한 더욱 커질 것으로 보인다. 이와 관련하여 전문가들은 향후 시장 동향에 대한 심층 분석을 진행하고 있다."
"민간 중심의 우주 산업 경쟁이 시작됐다. 스페이스X, 버진 갤럭틱(Virgin Galactic), 블루 오리진(Blue Origin) 등이 선두에 나선 상황으로, 우리나라의 우주 역량에 대한 평가는 아쉬운 상황이라는 것이 주된 목소리다. 전문가들은 우리 우주 역량이 선진국의 60~70% 수준이라며, 체계적으로 개발할 전담 조직의 부재를 가장 큰 문제로 지적한다. 정부는 ‘110대 국정 과제’ 중 하나인 ‘우주 강국 도약 및 대한민국 우주 시대 개막’ 공약을 이행하고자 항공우주청 신설 방안을 제시하고, 2023년 3월 ‘우주항공청 설치 및 운영에 관한 특별법’을 입법 예고했지만 그 이상의 진전은 없는 상태다. 스페이스X의 성장에 미국항공우주국(NASA)의 기여도가 큰 만큼, 우리 우주 산업 기업의 성장을 위해서는 전담 조직이 필요한 상황이다. NASA 외에도 러시아, 중국, 유럽, 일본, 이스라엘 등 대부분의 국가에는 이미 독자 기구가 설립돼 있다. 이 텍스트를 확장해줘.","민간 중심의 우주 산업 경쟁이 시작됐다. 스페이스X, 버진 갤럭틱(Virgin Galactic), 블루 오리진(Blue Origin) 등이 선두에 나선 상황으로, 우리나라의 우주 역량에 대한 평가는 아쉬운 상황이라는 것이 주된 목소리다. 전문가들은 우리 우주 역량이 선진국의 60~70% 수준이라며, 체계적으로 개발할 전담 조직의 부재를 가장 큰 문제로 지적한다. 정부는 ‘110대 국정 과제’ 중 하나인 ‘우주 강국 도약 및 대한민국 우주 시대 개막’ 공약을 이행하고자 항공우주청 신설 방안을 제시하고, 2023년 3월 ‘우주항공청 설치 및 운영에 관한 특별법’을 입법 예고했지만 그 이상의 진전은 없는 상태다. 스페이스X의 성장에 미국항공우주국(NASA)의 기여도가 큰 만큼, 우리 우주 산업 기업의 성장을 위해서는 전담 조직이 필요한 상황이다. NASA 외에도 러시아, 중국, 유럽, 일본, 이스라엘 등 대부분의 국가에는 이미 독자 기구가 설립돼 있다. 이와 관련하여 전문가들은 향후 시장 동향에 대한 심층 분석을 진행하고 있다."
"2022년 2월 발발한 러시아-우크라이나 전쟁이 장기화에 접어들고, 2023년 10월 이스라엘과 하마스 전쟁이 벌어짐에 따라 글로벌 방산 시장이 빠르게 확대되고 있다. 특히 전쟁 지역과 인접한 국가들의 국방 예산이 빠르게 증액됐다. 우크라이나와 러시아 인근 국가들은 러시아제 무기체계의 탈피 또한 고려 중이다. 항공우주 전문 매체 ‘Aviation Week’에 따르면 2023~2032년 글로벌 국방 예산은 기존 전망치 대비 2조 달러(약 2,600조 원), 무기 획득 예산은 6,000억 달러(약 780조 원) 이상 증가할 전망이다. 우리나라 역시 폴란드를 중심으로 방산 수출 계약을 이어가고 있다. 한국항공우주산업은 2022년 9월 폴란드를 상대로 창립 이래 가장 큰 규모의 수출 계약을 맺었으며, 2023년 2월에도 말레이시아와 1조 2,000억 원 규모의 계약을 체결했다. 이 텍스트를 확장해줘.","2022년 2월 발발한 러시아-우크라이나 전쟁이 장기화에 접어들고, 2023년 10월 이스라엘과 하마스 전쟁이 벌어짐에 따라 글로벌 방산 시장이 빠르게 확대되고 있다. 특히 전쟁 지역과 인접한 국가들의 국방 예산이 빠르게 증액됐다. 우크라이나와 러시아 인근 국가들은 러시아제 무기체계의 탈피 또한 고려 중이다. 항공우주 전문 매체 ‘Aviation Week’에 따르면 2023~2032년 글로벌 국방 예산은 기존 전망치 대비 2조 달러(약 2,600조 원), 무기 획득 예산은 6,000억 달러(약 780조 원) 이상 증가할 전망이다. 우리나라 역시 폴란드를 중심으로 방산 수출 계약을 이어가고 있다. 한국항공우주산업은 2022년 9월 폴란드를 상대로 창립 이래 가장 큰 규모의 수출 계약을 맺었으며, 2023년 2월에도 말레이시아와 1조 2,000억 원 규모의 계약을 체결했다. 이와 관련하여 전문가들은 향후 시장 동향에 대한 심층 분석을 진행하고 있다."
"코로나19 엔데믹에 따라 항공운송량이 빠르게 회복되고 있다. 2022년 12월 기준 대서양 횡단노선이 팬데믹 이전 수준으로 돌아왔으며, 환태평양/유럽-아시아 노선 역시 이전의 60% 수준에 도달했다. 글로벌 항공분석업체인 시리움(Cirium)에 따르면, 항공 산업은 2024년부터 20년간 연평균 3.6%의 성장률을 보일 전망이다. 대형 민항기 시장 역시 꾸준히 증가할 것으로 보인다. 업계에 따르면 2031년까지 총 1만 8,679대의 대형 민항기가 생산될 것으로 예측된다. 2조 9,444달러(약 2,614조 원)에 달하는 규모다. 민항기 시장을 주도할 기업은 유럽의 에어버스와 미국의 보잉으로, 두 곳 모두 한국항공우주산업과 협업 관계에 있다.  이 텍스트를 확장해줘.","코로나19 엔데믹에 따라 항공운송량이 빠르게 회복되고 있다. 2022년 12월 기준 대서양 횡단노선이 팬데믹 이전 수준으로 돌아왔으며, 환태평양/유럽-아시아 노선 역시 이전의 60% 수준에 도달했다. 글로벌 항공분석업체인 시리움(Cirium)에 따르면, 항공 산업은 2024년부터 20년간 연평균 3.6%의 성장률을 보일 전망이다. 대형 민항기 시장 역시 꾸준히 증가할 것으로 보인다. 업계에 따르면 2031년까지 총 1만 8,679대의 대형 민항기가 생산될 것으로 예측된다. 2조 9,444달러(약 2,614조 원)에 달하는 규모다. 민항기 시장을 주도할 기업은 유럽의 에어버스와 미국의 보잉으로, 두 곳 모두 한국항공우주산업과 협업 관계에 있다.  이와 관련하여 전문가들은 향후 시장 동향에 대한 심층 분석을 진행하고 있다."
"과거 ‘우주’라는 개념은 과학과 탐사의 영역이었다. 미지의 세계에 대한 인류의 호기심과 이를 충족하기 위한 도전의 공간이었던 것. 하지만 지금은 다르다. 우주로 향하는 발사체를 제작하고, 위성체를 제작하며 관련 장비 산업이 커졌다. 우주 관광이 가시화되고 우주 광물의 채굴도 중요한 목표가 됐다. 이제 우주는 산업의 영역이 됐다. 민간 주도의 우주개발 시대, 이것을 ‘뉴 스페이스(New Space) 시대’라 부른다. 과학기술정보통신부의 ‘우주 산업 실태조사 보고서’에 따르면 세계 우주 산업의 규모는 2016년 3,391억 달러(약 447조 원)에서 2040년 1조 달러(약 1,300조 원)에 이를 전망이다. 2023년 한국의 우주개발 예산은 2022년 대비 19.5% 증가한 8,742억 원 규모다. 우주 산업을 주도하는 글로벌 빅테크 중 가장 주목받고 있는 곳은 미국의 스페이스X다. 국내 스페이스 테크 기업들이 인공위성을 실어 발사하는 로켓도 스페이스X에서 제작한다. 한국항공우주산업 역시 스페이스X와 차세대 중형 위성의 대체발사 계약을 맺고 있다. 아울러 한국항공우주산업은 2010년부터 한국형 발사체 개발 사업에 참여하고 있으며, 누리호의 총조립을 담당하는 등 한국형 스페이스X로 성장 중이다. 이 텍스트를 확장해줘.","과거 ‘우주’라는 개념은 과학과 탐사의 영역이었다. 미지의 세계에 대한 인류의 호기심과 이를 충족하기 위한 도전의 공간이었던 것. 하지만 지금은 다르다. 우주로 향하는 발사체를 제작하고, 위성체를 제작하며 관련 장비 산업이 커졌다. 우주 관광이 가시화되고 우주 광물의 채굴도 중요한 목표가 됐다. 이제 우주는 산업의 영역이 됐다. 민간 주도의 우주개발 시대, 이것을 ‘뉴 스페이스(New Space) 시대’라 부른다. 과학기술정보통신부의 ‘우주 산업 실태조사 보고서’에 따르면 세계 우주 산업의 규모는 2016년 3,391억 달러(약 447조 원)에서 2040년 1조 달러(약 1,300조 원)에 이를 전망이다. 2023년 한국의 우주개발 예산은 2022년 대비 19.5% 증가한 8,742억 원 규모다. 우주 산업을 주도하는 글로벌 빅테크 중 가장 주목받고 있는 곳은 미국의 스페이스X다. 국내 스페이스 테크 기업들이 인공위성을 실어 발사하는 로켓도 스페이스X에서 제작한다. 한국항공우주산업 역시 스페이스X와 차세대 중형 위성의 대체발사 계약을 맺고 있다. 아울러 한국항공우주산업은 2010년부터 한국형 발사체 개발 사업에 참여하고 있으며, 누리호의 총조립을 담당하는 등 한국형 스페이스X로 성장 중이다. 이와 관련하여 전문가들은 향후 시장 동향에 대한 심층 분석을 진행하고 있다."
"항공기는 자동차, 일반 기계 등과 달리 수입 의존도가 높은 산업이다. 수요가 제한적이고 요구되는 기술 수준은 높은 상황이라, 소수의 완제기 제작업체 및 부품업체만이 경제성을 확보할 수 있다. 현재 전 세계적인 수요를 공급하고 있는 업체 또한 소수에 불과하다. 한국항공우주산업 역시 상당 부분의 부품과 장비를 해외 전문 업체로부터 구매하고 있다. 원재료 또한 수입산이 많다. 알루미늄 합금과 티타늄, 복합재 등이 대표적이다. 이 텍스트를 확장해줘.","항공기는 자동차, 일반 기계 등과 달리 수입 의존도가 높은 산업이다. 수요가 제한적이고 요구되는 기술 수준은 높은 상황이라, 소수의 완제기 제작업체 및 부품업체만이 경제성을 확보할 수 있다. 현재 전 세계적인 수요를 공급하고 있는 업체 또한 소수에 불과하다. 한국항공우주산업 역시 상당 부분의 부품과 장비를 해외 전문 업체로부터 구매하고 있다. 원재료 또한 수입산이 많다. 알루미늄 합금과 티타늄, 복합재 등이 대표적이다. 이와 관련하여 전문가들은 향후 시장 동향에 대한 심층 분석을 진행하고 있다."
"한국항공우주산업은 민간 기업임에도 공기업으로 불릴 만큼 국가 정책에 결정적인 영향을 받는다. 한국항공우주산업이 공기업으로 분류되는 이유는 두 가지다. 첫째, 최대 주주가 한국수출입은행이라는 점이다. 한국수출입은행은 국책은행으로 정부의 정책에 따라 운영된다. 2023년 6월 기준 최대 주주의 지분은 26.41%다. 2대 주주인 국민연금공단(10.3%)의 2배가 넘는다. 둘째, 방위 산업의 특성이다. 내수 방산의 고객은 방위사업청이다. 방위사업청은 국방중기계획에 따라 예산을 지급받고 이를 집행한다. 따라서 국방 예산 이상의 수익을 내기 어렵다는 한계가 존재한다. 한국항공우주산업의 방위사업청 매출 비중은 2021년 72.31%, 2022년 69.11%, 2023년 반기 66.48%를 차지했다. 이 텍스트를 확장해줘.","한국항공우주산업은 민간 기업임에도 공기업으로 불릴 만큼 국가 정책에 결정적인 영향을 받는다. 한국항공우주산업이 공기업으로 분류되는 이유는 두 가지다. 첫째, 최대 주주가 한국수출입은행이라는 점이다. 한국수출입은행은 국책은행으로 정부의 정책에 따라 운영된다. 2023년 6월 기준 최대 주주의 지분은 26.41%다. 2대 주주인 국민연금공단(10.3%)의 2배가 넘는다. 둘째, 방위 산업의 특성이다. 내수 방산의 고객은 방위사업청이다. 방위사업청은 국방중기계획에 따라 예산을 지급받고 이를 집행한다. 따라서 국방 예산 이상의 수익을 내기 어렵다는 한계가 존재한다. 한국항공우주산업의 방위사업청 매출 비중은 2021년 72.31%, 2022년 69.11%, 2023년 반기 66.48%를 차지했다. 이와 관련하여 전문가들은 향후 시장 동향에 대한 심층 분석을 진행하고 있다."
"한국항공우주산업은 1999년 설립 당시 ‘항공우주산업 개발 촉진법’과 ‘방위 산업에 관한 특별 조치법’ 등에 따라 국내 항공기 시장에서 독점적 사업 지위를 유지했다. 2008년 말 방위 산업의 전문화 및 계열화가 폐지됨에 따라 민간에도 그 기회가 열렸다. 하지만 대규모 설비 및 연구개발 투자가 필요한 항공 산업의 특성상 진입장벽이 높아 유의미한 성과를 내는 기업이 보이지 않는 상황이다. 이에 따라 국내 유일의 항공기 체계 종합 및 제작업체로의 한국항공우주산업의 위치는 공고하다. 한편 2023~2027 국방중기계획에 따라 방위력 개선비는 2022년 대비 27.5%(총 107조 4,000억 원)까지 증가한다. 항공기 중심 군수 사업의 안정적 성장을 기대해 볼 수 있는 상황이다. 이 텍스트를 확장해줘.","한국항공우주산업은 1999년 설립 당시 ‘항공우주산업 개발 촉진법’과 ‘방위 산업에 관한 특별 조치법’ 등에 따라 국내 항공기 시장에서 독점적 사업 지위를 유지했다. 2008년 말 방위 산업의 전문화 및 계열화가 폐지됨에 따라 민간에도 그 기회가 열렸다. 하지만 대규모 설비 및 연구개발 투자가 필요한 항공 산업의 특성상 진입장벽이 높아 유의미한 성과를 내는 기업이 보이지 않는 상황이다. 이에 따라 국내 유일의 항공기 체계 종합 및 제작업체로의 한국항공우주산업의 위치는 공고하다. 한편 2023~2027 국방중기계획에 따라 방위력 개선비는 2022년 대비 27.5%(총 107조 4,000억 원)까지 증가한다. 항공기 중심 군수 사업의 안정적 성장을 기대해 볼 수 있는 상황이다. 이와 관련하여 전문가들은 향후 시장 동향에 대한 심층 분석을 진행하고 있다."
"한국항공우주산업이 2023년 11월 항공기 개발 항공전자 분야에서 CMMI 2.2 버전의 최고 등급인 레벨5 인증 승인을 획득했다. CMMI는 시스템공학(SE) 분야와 소프트웨어 개발 역량을 평가하는 대표적인 국제 기준이다. ▲시스템과 소프트웨어의 품질 ▲인프라 구축 ▲운용 및 프로세스 성숙도 ▲수행 능력 등 개발 과정 전체를 종합적으로 평가한다. 이 중 최고 수준의 인증을 받아야만 레벨5에 도달할 수 있다. 현재 전 세계 106개국에서 CMMI를 적용하고 있는데, 레벨5를 획득한 업체나 기관은 한국항공우주산업을 포함해 미국 록히드마틴, 영국 BAE시스템 등 전체의 9% 미만에 불과하다. CMMI 버전은 꾸준히 변경되며 한국항공우주산업은 2017년부터 각 버전에서 레벨5 인증을 획득하고 있다.코로나19 엔데믹에 따라 물류 비용이 하락하며 글로벌 공급난이 해소되는 모양을 보였으나, 러시아-우크라이나 전쟁의 장기화와 이스라엘-하마스 전쟁 등으로 중동의 위기가 극에 달하며 운송에 대한 불확실성이 여전한 것으로 보인다. 뿐만 아니다. 글로벌 경기 침체로 인해 미중 무역 갈등이 심화되고 있고, 무역 이기주의 현상이 확산되고 있다. 기후 변화도 적지 않은 영향을 주고 있다. 가뭄으로 인해 세계 물류의 핵심 통로로 불리는 파나마 운하의 병목 현상이 반복되고 있다. 2023년 12월 이스라엘-하마스 전쟁으로 예멘 반군이 홍해에서 민간 선박을 연쇄적으로 공격함에 따라 수에즈 운하로 들어가는 국제 교역로가 타격을 받고 있다. 이 텍스트를 확장해줘.","한국항공우주산업이 2023년 11월 항공기 개발 항공전자 분야에서 CMMI 2.2 버전의 최고 등급인 레벨5 인증 승인을 획득했다. CMMI는 시스템공학(SE) 분야와 소프트웨어 개발 역량을 평가하는 대표적인 국제 기준이다. ▲시스템과 소프트웨어의 품질 ▲인프라 구축 ▲운용 및 프로세스 성숙도 ▲수행 능력 등 개발 과정 전체를 종합적으로 평가한다. 이 중 최고 수준의 인증을 받아야만 레벨5에 도달할 수 있다. 현재 전 세계 106개국에서 CMMI를 적용하고 있는데, 레벨5를 획득한 업체나 기관은 한국항공우주산업을 포함해 미국 록히드마틴, 영국 BAE시스템 등 전체의 9% 미만에 불과하다. CMMI 버전은 꾸준히 변경되며 한국항공우주산업은 2017년부터 각 버전에서 레벨5 인증을 획득하고 있다.코로나19 엔데믹에 따라 물류 비용이 하락하며 글로벌 공급난이 해소되는 모양을 보였으나, 러시아-우크라이나 전쟁의 장기화와 이스라엘-하마스 전쟁 등으로 중동의 위기가 극에 달하며 운송에 대한 불확실성이 여전한 것으로 보인다. 뿐만 아니다. 글로벌 경기 침체로 인해 미중 무역 갈등이 심화되고 있고, 무역 이기주의 현상이 확산되고 있다. 기후 변화도 적지 않은 영향을 주고 있다. 가뭄으로 인해 세계 물류의 핵심 통로로 불리는 파나마 운하의 병목 현상이 반복되고 있다. 2023년 12월 이스라엘-하마스 전쟁으로 예멘 반군이 홍해에서 민간 선박을 연쇄적으로 공격함에 따라 수에즈 운하로 들어가는 국제 교역로가 타격을 받고 있다. 이와 관련하여 전문가들은 향후 시장 동향에 대한 심층 분석을 진행하고 있다."
"2023년 3월 고용노동부가 실시한 조사에서 제조와 물류업의 인력난이 제일 심각한 것으로 발표됐다. 2022년 3분기 기준 빈 일자리는 제조 분야 5만 8,000명, 물류 및 운송 분야 2만 8,000명으로 집계됐다. 인력 부족의 주요 원인으로는 ▲시설 기반 지방 인구 감소 ▲지방 근무 기피 ▲3D 업종/사양산업이라는 부정적 인식 고착 ▲열악한 근무 환경 등이었다. 기존 근로자 역시 코로나19 이후 이탈이 가속화되고 있는 것으로 조사됐다. 이에 업계는 생존을 위해 디지털 전환을 고려하고 있는 상황이다.글로벌 시장조사업체 모더인텔리전스에 따르면, 전 세계 3PL 시장 규모는 2020년 1조 달러(약 1,326조 원)에서 연평균 8% 성장해 2026년 1조 7,500억 달러(약 2,321조 원) 수준에 달할 전망이다. 물류 서비스를 필요로 하는 기업들이 물류 관련 업무를 물류 전문 기업에게 위탁하는 일이 빈번해지고 있기 때문이다. 최근에는 물류 업무에 대한 대행 업무를 넘어, 물류와 관련된 컨설팅 및 IT 솔루션을 제공하는 4PL, 풀필먼트 서비스에 대한 수요도 늘어나는 상황이다. 물류 서비스에 대한 수요는 앞으로도 꾸준히 증가할 것으로 예측된다. MZ세대를 기반으로 자신만의 취향을 고집하는 ‘디깅’ 문화가 확산됨에 따라 기업들의 마이크로 마케팅이 확대되고, 다품종 제품을 관리하는 기업들에게는 물류 전문가의 서비스가 필요하기 때문이다. 이 텍스트를 확장해줘.","2023년 3월 고용노동부가 실시한 조사에서 제조와 물류업의 인력난이 제일 심각한 것으로 발표됐다. 2022년 3분기 기준 빈 일자리는 제조 분야 5만 8,000명, 물류 및 운송 분야 2만 8,000명으로 집계됐다. 인력 부족의 주요 원인으로는 ▲시설 기반 지방 인구 감소 ▲지방 근무 기피 ▲3D 업종/사양산업이라는 부정적 인식 고착 ▲열악한 근무 환경 등이었다. 기존 근로자 역시 코로나19 이후 이탈이 가속화되고 있는 것으로 조사됐다. 이에 업계는 생존을 위해 디지털 전환을 고려하고 있는 상황이다.글로벌 시장조사업체 모더인텔리전스에 따르면, 전 세계 3PL 시장 규모는 2020년 1조 달러(약 1,326조 원)에서 연평균 8% 성장해 2026년 1조 7,500억 달러(약 2,321조 원) 수준에 달할 전망이다. 물류 서비스를 필요로 하는 기업들이 물류 관련 업무를 물류 전문 기업에게 위탁하는 일이 빈번해지고 있기 때문이다. 최근에는 물류 업무에 대한 대행 업무를 넘어, 물류와 관련된 컨설팅 및 IT 솔루션을 제공하는 4PL, 풀필먼트 서비스에 대한 수요도 늘어나는 상황이다. 물류 서비스에 대한 수요는 앞으로도 꾸준히 증가할 것으로 예측된다. MZ세대를 기반으로 자신만의 취향을 고집하는 ‘디깅’ 문화가 확산됨에 따라 기업들의 마이크로 마케팅이 확대되고, 다품종 제품을 관리하는 기업들에게는 물류 전문가의 서비스가 필요하기 때문이다. 이와 관련하여 전문가들은 향후 시장 동향에 대한 심층 분석을 진행하고 있다."
"해외 직접 구매 시장이 급속도로 성장하고 있다. 통계청에 따르면 국내 해외 직구 시장은 2020년 4조 677억 원에서 2021년 5조 1,152억 원으로 늘었으며 2022년에는 5조 3,239억 원으로 확대됐다. 2023년 역시 상반기에만 3조 1,629억 원을 기록해 전년 동기 대비 18.3% 증가했다. 업계는 2023년 해외 직구 시장을 6조 원대로 추산하고 있다. 해외 직구 시장 확대에 결정적 역할을 한 것은 이커머스 기업들이다. SSG닷컴과 쿠팡, 11번가, 티몬 등이 해외 직구에 적극 나서고 있으며, 중국발 알리익스프레스 역시 한국 시장 확대를 위해 공격적인 투자를 이어가고 있다. 여기에 더해 경기 침체와 고물가, 강달러 등의 기조로 인해 보다 저렴하게 제품을 구입하기 위해 해외 직구를 선택하는 이들이 늘어나는 추세다. 이 텍스트를 확장해줘.","해외 직접 구매 시장이 급속도로 성장하고 있다. 통계청에 따르면 국내 해외 직구 시장은 2020년 4조 677억 원에서 2021년 5조 1,152억 원으로 늘었으며 2022년에는 5조 3,239억 원으로 확대됐다. 2023년 역시 상반기에만 3조 1,629억 원을 기록해 전년 동기 대비 18.3% 증가했다. 업계는 2023년 해외 직구 시장을 6조 원대로 추산하고 있다. 해외 직구 시장 확대에 결정적 역할을 한 것은 이커머스 기업들이다. SSG닷컴과 쿠팡, 11번가, 티몬 등이 해외 직구에 적극 나서고 있으며, 중국발 알리익스프레스 역시 한국 시장 확대를 위해 공격적인 투자를 이어가고 있다. 여기에 더해 경기 침체와 고물가, 강달러 등의 기조로 인해 보다 저렴하게 제품을 구입하기 위해 해외 직구를 선택하는 이들이 늘어나는 추세다. 이와 관련하여 전문가들은 향후 시장 동향에 대한 심층 분석을 진행하고 있다."
"2021년 5월 LG그룹에서 분리 출범한 LX그룹이 높은 성장세를 기록하고 있다. 하지만 LG 의존도에 대한 한계도 지적된다. LX세미콘과 LX판토스 등 LX그룹의 핵심적인 계열사들의 LG그룹 매출이 50%를 넘긴다는 점 때문이다. 실제로 2022년 LX판토스가 LG전자와 LG화학으로부터 달성한 매출은 56.3%를 차지했다. 글로벌 리딩 그룹과 함께 성장한다는 점은 긍정적이지만, LX그룹으로 성장하고자 독립을 선택한 만큼 그에 맞는 행보를 보여줘야 할 때다. 이 텍스트를 확장해줘.","2021년 5월 LG그룹에서 분리 출범한 LX그룹이 높은 성장세를 기록하고 있다. 하지만 LG 의존도에 대한 한계도 지적된다. LX세미콘과 LX판토스 등 LX그룹의 핵심적인 계열사들의 LG그룹 매출이 50%를 넘긴다는 점 때문이다. 실제로 2022년 LX판토스가 LG전자와 LG화학으로부터 달성한 매출은 56.3%를 차지했다. 글로벌 리딩 그룹과 함께 성장한다는 점은 긍정적이지만, LX그룹으로 성장하고자 독립을 선택한 만큼 그에 맞는 행보를 보여줘야 할 때다. 이와 관련하여 전문가들은 향후 시장 동향에 대한 심층 분석을 진행하고 있다."
"LX판토스가 2021년 연간 글로벌 해상 물동량 165만 8,000TEU를 기록하며 국내 1위, 글로벌 6위에 이름을 올렸다. 2022년 10월 미국의 리서치기관 암스트롱앤어소시에이트가 내놓은 조사 결과에 따르면 유럽계 기업들이 상위권을 휩쓴 가운데, 한국 기업 중에서는 유일하게 LX판토스가 6위를 차지하며 10위 안에 올랐다. 물동량은 화주를 대상으로 한 물류업체의 영업력과 가격 경쟁력을 가늠하는 핵심 지표로 꼽힌다. LX판토스가 운송한 165만 8,000TEU의 컨테이너 박스를 일렬로 나열하면 서울과 부산을 13번 왕복할 수 있는 길이로, 약 1만km에 달한다. 특히 2021년은 글로벌 물류 대란이 터진 해로, 전 세계 기업들이 운송 전쟁을 치른 상황이라 더 큰 의미를 가진다. 국내 또 다른 기업으로는 CJ대한통운이 27만TEU로 36위에 이름을 올렸다. 이 텍스트를 확장해줘.","LX판토스가 2021년 연간 글로벌 해상 물동량 165만 8,000TEU를 기록하며 국내 1위, 글로벌 6위에 이름을 올렸다. 2022년 10월 미국의 리서치기관 암스트롱앤어소시에이트가 내놓은 조사 결과에 따르면 유럽계 기업들이 상위권을 휩쓴 가운데, 한국 기업 중에서는 유일하게 LX판토스가 6위를 차지하며 10위 안에 올랐다. 물동량은 화주를 대상으로 한 물류업체의 영업력과 가격 경쟁력을 가늠하는 핵심 지표로 꼽힌다. LX판토스가 운송한 165만 8,000TEU의 컨테이너 박스를 일렬로 나열하면 서울과 부산을 13번 왕복할 수 있는 길이로, 약 1만km에 달한다. 특히 2021년은 글로벌 물류 대란이 터진 해로, 전 세계 기업들이 운송 전쟁을 치른 상황이라 더 큰 의미를 가진다. 국내 또 다른 기업으로는 CJ대한통운이 27만TEU로 36위에 이름을 올렸다. 이와 관련하여 전문가들은 향후 시장 동향에 대한 심층 분석을 진행하고 있다."
"LX판토스가 2023년 11월 ESG 글로벌 이니셔티브인 UNGC(United Nations Global Compact)에 가입했다. UNGC는 전 세계 167개국 2만 3,000여 회원사가 참여하는 세계 최대 규모의 ESG 국제 협약으로, 기업의 사회적 책임 이행과 이를 통한 지속가능한 성장을 추구한다. UNGC 회원사들은 인권, 노동, 환경, 반부패 등 4개 분야의 10대 원칙을 경영 전반에 반영하고 그 이행 보고서를 대외에 공개하는데, 여기서 주목할 점은 LX판토스가 비상장사라는 점이다. 비상장사는 지속가능경영보고서 발간 의무가 없다. 그럼에도 LX판토스는 자발적으로 지속가능경영보고서를 내놓을 만큼 ESG경영에 온 힘을 다하고 있다. LX판토스는 고도화되고 있는 물류 공급망에서 ESG경영은 핵심적인 생존 요소라고 여기며 고객과 주주, 협력사, 지역사회는 물론 자연이 함께 성장할 수 있는 기업으로 성장하겠다는 입장이다. 이 텍스트를 확장해줘.","LX판토스가 2023년 11월 ESG 글로벌 이니셔티브인 UNGC(United Nations Global Compact)에 가입했다. UNGC는 전 세계 167개국 2만 3,000여 회원사가 참여하는 세계 최대 규모의 ESG 국제 협약으로, 기업의 사회적 책임 이행과 이를 통한 지속가능한 성장을 추구한다. UNGC 회원사들은 인권, 노동, 환경, 반부패 등 4개 분야의 10대 원칙을 경영 전반에 반영하고 그 이행 보고서를 대외에 공개하는데, 여기서 주목할 점은 LX판토스가 비상장사라는 점이다. 비상장사는 지속가능경영보고서 발간 의무가 없다. 그럼에도 LX판토스는 자발적으로 지속가능경영보고서를 내놓을 만큼 ESG경영에 온 힘을 다하고 있다. LX판토스는 고도화되고 있는 물류 공급망에서 ESG경영은 핵심적인 생존 요소라고 여기며 고객과 주주, 협력사, 지역사회는 물론 자연이 함께 성장할 수 있는 기업으로 성장하겠다는 입장이다. 이와 관련하여 전문가들은 향후 시장 동향에 대한 심층 분석을 진행하고 있다."
"LX판토스의 사업 포트폴리오는 ‘국제물류주선업(포워딩)’과 ‘물류센터 운영 및 배송(W&D)’으로 구성돼 있다. 이 중 70%가량이 해운, 항공, 특송 등의 포워딩에서 발생한다. W&D 부문 매출은 전체의 32%를 차지한다. 포워딩은 수출과 수입 사이의 중개 역할로, 화물이 잘 운송되도록 제반 서비스를 제공하는 일이다. 포워딩 사업의 첫 번째 고객은 물건을 보내는 ‘화주’다. 이 텍스트를 확장해줘.","LX판토스의 사업 포트폴리오는 ‘국제물류주선업(포워딩)’과 ‘물류센터 운영 및 배송(W&D)’으로 구성돼 있다. 이 중 70%가량이 해운, 항공, 특송 등의 포워딩에서 발생한다. W&D 부문 매출은 전체의 32%를 차지한다. 포워딩은 수출과 수입 사이의 중개 역할로, 화물이 잘 운송되도록 제반 서비스를 제공하는 일이다. 포워딩 사업의 첫 번째 고객은 물건을 보내는 ‘화주’다. 이와 관련하여 전문가들은 향후 시장 동향에 대한 심층 분석을 진행하고 있다."
"LX판토스는 LX인터내셔널의 자회사다. LX인터내셔널의 전신은 LG상사로, 2021년 LG그룹에서 분리 출범했다. 이에 따라 LX판토스는 LG그룹과 밀접한 관계를 유지하며, LG그룹의 운송을 담당한다. LG전자와 LG디스플레이, LG화학, LG생활건강 등 IT 제품부터 화장품까지 관계사의 다양한 물량을 수송한다. 2021년 기준 LX판토스의 특수관계자 매출 비중은 68.8%였다. 이 텍스트를 확장해줘.","LX판토스는 LX인터내셔널의 자회사다. LX인터내셔널의 전신은 LG상사로, 2021년 LG그룹에서 분리 출범했다. 이에 따라 LX판토스는 LG그룹과 밀접한 관계를 유지하며, LG그룹의 운송을 담당한다. LG전자와 LG디스플레이, LG화학, LG생활건강 등 IT 제품부터 화장품까지 관계사의 다양한 물량을 수송한다. 2021년 기준 LX판토스의 특수관계자 매출 비중은 68.8%였다. 이와 관련하여 전문가들은 향후 시장 동향에 대한 심층 분석을 진행하고 있다."
"LX판토스는 LX그룹의 물류 전문 계열사다. 1977년 항공운송 대리점인 범한흥산으로 설립됐고, 1992년 복합운송주선업을 시작했다. 1997년 보세운송 사업을 개시했으며 1999년 통관업에 진출했다. 2000년 홍콩과 인도네시아, 2001년 중국 청도와 상해에 법인을 설립했고 이어 일본과 태국, 싱가포르 등 범아시아로 사업을 확장했다. 유럽 진출 원년은 2004년이다. 네덜란드를 시작으로 영국과 프랑스, 폴란드, 러시아 법인을 세우며 글로벌 물류 기업으로 성장했다. 2005년 인천공항 물류센터를 완공했고, 2006년 국제특송 사업을 개시했다. 2007년 종합 물류 기업으로 인증받았고, 2008년 국내 최초 항공선적 무서류화 전자시스템을 구축하며 대한민국 대표 물류 기업의 면모를 보였다. 2009년에는 세계 최대 중량 화물 항공운송 기네스에 등재되기도 했다. 이 텍스트를 확장해줘.","LX판토스는 LX그룹의 물류 전문 계열사다. 1977년 항공운송 대리점인 범한흥산으로 설립됐고, 1992년 복합운송주선업을 시작했다. 1997년 보세운송 사업을 개시했으며 1999년 통관업에 진출했다. 2000년 홍콩과 인도네시아, 2001년 중국 청도와 상해에 법인을 설립했고 이어 일본과 태국, 싱가포르 등 범아시아로 사업을 확장했다. 유럽 진출 원년은 2004년이다. 네덜란드를 시작으로 영국과 프랑스, 폴란드, 러시아 법인을 세우며 글로벌 물류 기업으로 성장했다. 2005년 인천공항 물류센터를 완공했고, 2006년 국제특송 사업을 개시했다. 2007년 종합 물류 기업으로 인증받았고, 2008년 국내 최초 항공선적 무서류화 전자시스템을 구축하며 대한민국 대표 물류 기업의 면모를 보였다. 2009년에는 세계 최대 중량 화물 항공운송 기네스에 등재되기도 했다. 이와 관련하여 전문가들은 향후 시장 동향에 대한 심층 분석을 진행하고 있다."
"2011년 국제 철도운송 사업을 시작했고 2012년 국내 물류업계 최초로 종합 물류관제센터를 오픈했다. 2019년 물류업계 최초로 정보보호 통합 인증 ISMS-P를, 2020년 국내 물류 기업 최초로 CEIV Pharma 인증을 획득했다. 2021 우수 선화주 1등급 인증에 이어 현재의 상호인 LX판토스로 상호를 변경했다. 2022년 인천공항센터 의약품 운송 품질 인증을 취득했고, 글로벌 ESG 지속가능경영 평가 Ecovadis 브론즈 메달, 국내 기업 최초로 신선 화물 항공운송 품질 인증을 획득했다. 이 텍스트를 확장해줘.","2011년 국제 철도운송 사업을 시작했고 2012년 국내 물류업계 최초로 종합 물류관제센터를 오픈했다. 2019년 물류업계 최초로 정보보호 통합 인증 ISMS-P를, 2020년 국내 물류 기업 최초로 CEIV Pharma 인증을 획득했다. 2021 우수 선화주 1등급 인증에 이어 현재의 상호인 LX판토스로 상호를 변경했다. 2022년 인천공항센터 의약품 운송 품질 인증을 취득했고, 글로벌 ESG 지속가능경영 평가 Ecovadis 브론즈 메달, 국내 기업 최초로 신선 화물 항공운송 품질 인증을 획득했다. 이와 관련하여 전문가들은 향후 시장 동향에 대한 심층 분석을 진행하고 있다."
"현대자동차그룹의 계열사로, 그룹 내 종합물류 업무를 전담한다. 2001년 한국로지텍 주식회사로 설립된 후 2003년 글로비스 주식회사로 사명을 바꿨으며, 2011년 현대자동차그룹 출범과 함께 지금의 현대글로비스가 됐다. 영위 중인 사업은 종합물류업과 유통판매업, 해운업이다. 종합물류업은 고객의 화물에 대한 운송 서비스를 제공하는 사업으로 국내 물류와 해외 물류로 구분된다. 유통판매업은 CKD 부품 공급 사업, 도매 형태의 중고차 경매와 수출을 하는 중고차 사업, 원자재 수출입을 하는 트레이딩 사업으로 구분된다. 해운업은 선박을 이용한 화물운송 사업으로 완성차 운송과 벌크 운송으로 구분된다. 현대글로비스의 주요 고객은 그룹 계열사인 현대자동차와 기아다. 이 텍스트를 확장해줘.","현대자동차그룹의 계열사로, 그룹 내 종합물류 업무를 전담한다. 2001년 한국로지텍 주식회사로 설립된 후 2003년 글로비스 주식회사로 사명을 바꿨으며, 2011년 현대자동차그룹 출범과 함께 지금의 현대글로비스가 됐다. 영위 중인 사업은 종합물류업과 유통판매업, 해운업이다. 종합물류업은 고객의 화물에 대한 운송 서비스를 제공하는 사업으로 국내 물류와 해외 물류로 구분된다. 유통판매업은 CKD 부품 공급 사업, 도매 형태의 중고차 경매와 수출을 하는 중고차 사업, 원자재 수출입을 하는 트레이딩 사업으로 구분된다. 해운업은 선박을 이용한 화물운송 사업으로 완성차 운송과 벌크 운송으로 구분된다. 현대글로비스의 주요 고객은 그룹 계열사인 현대자동차와 기아다. 이와 관련하여 전문가들은 향후 시장 동향에 대한 심층 분석을 진행하고 있다."
"CJ그룹의 물류와 건설 등을 담당하는 계열사다. 1930년 설립해 현재 계약물류(CL) 사업과 택배 사업, 글로벌 사업, 건설 사업 등을 영위하고 있다. CL 사업은 다양한 산업군의 고객을 대상으로 스마트물류 설비를 갖춘 물류센터 기반의 제3자물류 서비스를 제공하는 W&D 사업과 항만 인프라와 수송 자원을 활용하는 P&D 사업이다. 택배 사업은 업계 최고 수준의 물량을 처리하며 다양한 배송 서비스를 제공하고 있다. 또 이커머스 시장에 대응해 첨단 기술이 도입된 e풀필먼트 서비스를 제공한다. 글로벌 사업은 항공 및 선박을 이용해 식품, 전기전자 등의 화물을 운송하고 통관 등의 수출입 관련 물류 서비스를 담당하는 포워딩 사업과 전 세계 35개국 112개 법인을 통해 CL 및 포워딩 업무를 진행하는 해외 사업으로 나뉜다. 건설 사업은 물류센터, 리모델링, 연구 시설, 산업 환경 건설 분야에 특화된 건설 사업과 리조트 사업으로 구분된다. 이 텍스트를 확장해줘.","CJ그룹의 물류와 건설 등을 담당하는 계열사다. 1930년 설립해 현재 계약물류(CL) 사업과 택배 사업, 글로벌 사업, 건설 사업 등을 영위하고 있다. CL 사업은 다양한 산업군의 고객을 대상으로 스마트물류 설비를 갖춘 물류센터 기반의 제3자물류 서비스를 제공하는 W&D 사업과 항만 인프라와 수송 자원을 활용하는 P&D 사업이다. 택배 사업은 업계 최고 수준의 물량을 처리하며 다양한 배송 서비스를 제공하고 있다. 또 이커머스 시장에 대응해 첨단 기술이 도입된 e풀필먼트 서비스를 제공한다. 글로벌 사업은 항공 및 선박을 이용해 식품, 전기전자 등의 화물을 운송하고 통관 등의 수출입 관련 물류 서비스를 담당하는 포워딩 사업과 전 세계 35개국 112개 법인을 통해 CL 및 포워딩 업무를 진행하는 해외 사업으로 나뉜다. 건설 사업은 물류센터, 리모델링, 연구 시설, 산업 환경 건설 분야에 특화된 건설 사업과 리조트 사업으로 구분된다. 이와 관련하여 전문가들은 향후 시장 동향에 대한 심층 분석을 진행하고 있다."
"코로나19로 물류운임비가 증가하며 2021년에는 전년 대비 1조 7,580억 원 높은 매출을 기록했다. 영업이익 역시 2020년 대비 1,122억 원 늘며 호실적을 기록했다. LX판토스가 2021년 한 해 바닷길을 통해 수송한 물동량은 165만 8,000TEU다. 이는 국내 1위이자 글로벌 6위 규모로, 국내 2위 경쟁사의 27만TEU와 비교해 압도적이다. 물류 대란이 해소된 2022년은 상대적으로 해운 운임이 하락한 해였음에도 불구하고 해운 153만TEU와 항공 12만 2,000TEU에 힘입어 역대급 매출 실적을 기록했다. 다만, 해운 운임이 인하되며 영업이익은 2021년과 비슷한 수준을 기록했다. 이 텍스트를 확장해줘.","코로나19로 물류운임비가 증가하며 2021년에는 전년 대비 1조 7,580억 원 높은 매출을 기록했다. 영업이익 역시 2020년 대비 1,122억 원 늘며 호실적을 기록했다. LX판토스가 2021년 한 해 바닷길을 통해 수송한 물동량은 165만 8,000TEU다. 이는 국내 1위이자 글로벌 6위 규모로, 국내 2위 경쟁사의 27만TEU와 비교해 압도적이다. 물류 대란이 해소된 2022년은 상대적으로 해운 운임이 하락한 해였음에도 불구하고 해운 153만TEU와 항공 12만 2,000TEU에 힘입어 역대급 매출 실적을 기록했다. 다만, 해운 운임이 인하되며 영업이익은 2021년과 비슷한 수준을 기록했다. 이와 관련하여 전문가들은 향후 시장 동향에 대한 심층 분석을 진행하고 있다."
"수익 외적인 성과도 있었다. 2022년 7월 글로벌 ESG 지속가능경영평가 에코바디스(Ecovadis) 브론즈 메달을 획득한 데 이어, 12월 정보보안경영시스템 ISO27001 인증을 품에 안았다. 2023년에는 자발적으로 지속가능경영보고서를 첫 발간했으며, 물류업계 최초로 ‘리튬 배터리 항공운송 품질 인증’을 획득하며 전기차 및 이차전지 배터리 시장을 책임지게 됐다. 이 텍스트를 확장해줘.","수익 외적인 성과도 있었다. 2022년 7월 글로벌 ESG 지속가능경영평가 에코바디스(Ecovadis) 브론즈 메달을 획득한 데 이어, 12월 정보보안경영시스템 ISO27001 인증을 품에 안았다. 2023년에는 자발적으로 지속가능경영보고서를 첫 발간했으며, 물류업계 최초로 ‘리튬 배터리 항공운송 품질 인증’을 획득하며 전기차 및 이차전지 배터리 시장을 책임지게 됐다. 이와 관련하여 전문가들은 향후 시장 동향에 대한 심층 분석을 진행하고 있다."
"산업 간 경계가 모호해지는 ‘빅블러(Big Blur) 시대’가 도래했다. 디지털 기술의 발달로 사물인터넷(IoT), 핀테크, 인공지능(AI) 등이 인터넷을 통해 서로 연결되고 데이터를 교환하기 시작했기 때문이다. 물류 산업 역시 변화하고 있다. 이를 ‘스마트물류’라고 부른다. 2023년 10월 국토교통부가 3곳의 스마트물류센터를 추가로 인증했다. CJ대한통운의 이천2풀필먼트센터와 풀무원엑소후레쉬물류의 음성물류센터 그리고 LX판토스의 남청라물류센터가 그 대상이다. 스마트물류센터 인증제도는 첨단/자동화된 시설과 장비, 시스템 등을 도입해 효율성과 안전성, 친환경성 등을 갖춘 물류센터를 인증하고 다양한 혜택을 부여하는 제도다. 2021년 도입 이후 총 37개소가 인증됐으며, 이번 인증으로 총 40곳이 됐다. 이 텍스트를 확장해줘.","산업 간 경계가 모호해지는 ‘빅블러(Big Blur) 시대’가 도래했다. 디지털 기술의 발달로 사물인터넷(IoT), 핀테크, 인공지능(AI) 등이 인터넷을 통해 서로 연결되고 데이터를 교환하기 시작했기 때문이다. 물류 산업 역시 변화하고 있다. 이를 ‘스마트물류’라고 부른다. 2023년 10월 국토교통부가 3곳의 스마트물류센터를 추가로 인증했다. CJ대한통운의 이천2풀필먼트센터와 풀무원엑소후레쉬물류의 음성물류센터 그리고 LX판토스의 남청라물류센터가 그 대상이다. 스마트물류센터 인증제도는 첨단/자동화된 시설과 장비, 시스템 등을 도입해 효율성과 안전성, 친환경성 등을 갖춘 물류센터를 인증하고 다양한 혜택을 부여하는 제도다. 2021년 도입 이후 총 37개소가 인증됐으며, 이번 인증으로 총 40곳이 됐다. 이와 관련하여 전문가들은 향후 시장 동향에 대한 심층 분석을 진행하고 있다."
"이천2풀필먼트센터는 빅데이터 및 인공지능, 로봇 분류 시스템을 기반으로 입고에서 출고까지 전 과정을 일원화해 처리한다. 음성물류센터는 전자석을 이용한 자동분류기를 활용해 연간 72만 톤의 탄소를 감축하고, 국내 식품업계 최초로 갠트리로봇을 도입해 신선 식품을 매장 단위로 분배한다. LX판토스의 남청라물류센터는 스마트셔틀 및 자율이동로봇을 활용한 첨단 물류 프로세스를 구축했고, K-팝 앨범 및 굿즈 상품의 글로벌 풀필먼트 서비스를 종합적으로 제공해 해외 특송과 국내 배송을 연계한 물동량을 처리하는 핵심 거점으로 운영될 예정이다. 이 텍스트를 확장해줘.","이천2풀필먼트센터는 빅데이터 및 인공지능, 로봇 분류 시스템을 기반으로 입고에서 출고까지 전 과정을 일원화해 처리한다. 음성물류센터는 전자석을 이용한 자동분류기를 활용해 연간 72만 톤의 탄소를 감축하고, 국내 식품업계 최초로 갠트리로봇을 도입해 신선 식품을 매장 단위로 분배한다. LX판토스의 남청라물류센터는 스마트셔틀 및 자율이동로봇을 활용한 첨단 물류 프로세스를 구축했고, K-팝 앨범 및 굿즈 상품의 글로벌 풀필먼트 서비스를 종합적으로 제공해 해외 특송과 국내 배송을 연계한 물동량을 처리하는 핵심 거점으로 운영될 예정이다. 이와 관련하여 전문가들은 향후 시장 동향에 대한 심층 분석을 진행하고 있다."
"퀵커머스란 ‘빠른(Quick)’과 ‘상거래(Commerce)’의 합성어로, 주문 후 배송 완료까지 2시간 내에 배송하는 서비스다. 코로나19 팬데믹에 따라 ‘로켓배송’, ‘샛별배송’ 등 이커머스 기업들이 빠른 배송을 경쟁적으로 도입했다. 이후 배달의민족과 CJ올리브영이 각각 B마트와 오늘드림 배송을 시작하며 그 규모가 커졌다. 음식 배달 서비스 기업인 딜리버리히어로에 따르면, 국내 퀵커머스 시장 규모는 2020년 3,500억 원에서 2025년 5조 원으로 성장할 전망이다. 뿐만 아니다. 2022년 쿠팡이 대만 내 로켓배송 서비스를 도입했고, 중국 이커머스 기업인 알리익스프레스가 한국 시장을 대상으로 ‘주문 후 5일 이내 도착’ 서비스를 개시했다. 향후 퀵커머스 시장은 국내를 넘어 글로벌로 확대될 것으로 예상된다. 이 텍스트를 확장해줘.","퀵커머스란 ‘빠른(Quick)’과 ‘상거래(Commerce)’의 합성어로, 주문 후 배송 완료까지 2시간 내에 배송하는 서비스다. 코로나19 팬데믹에 따라 ‘로켓배송’, ‘샛별배송’ 등 이커머스 기업들이 빠른 배송을 경쟁적으로 도입했다. 이후 배달의민족과 CJ올리브영이 각각 B마트와 오늘드림 배송을 시작하며 그 규모가 커졌다. 음식 배달 서비스 기업인 딜리버리히어로에 따르면, 국내 퀵커머스 시장 규모는 2020년 3,500억 원에서 2025년 5조 원으로 성장할 전망이다. 뿐만 아니다. 2022년 쿠팡이 대만 내 로켓배송 서비스를 도입했고, 중국 이커머스 기업인 알리익스프레스가 한국 시장을 대상으로 ‘주문 후 5일 이내 도착’ 서비스를 개시했다. 향후 퀵커머스 시장은 국내를 넘어 글로벌로 확대될 것으로 예상된다. 이와 관련하여 전문가들은 향후 시장 동향에 대한 심층 분석을 진행하고 있다."
"LX판토스가 ‘제30회 기업혁신대상’ 시상식에서 국무총리상을 수상했다. 기업혁신대상은 대한상공회의소와 산업통상자원부가 공동으로 주최하는 행사로, 경영 혁신과 ESG경영을 적극 실천하는 기업을 발굴하고 포상해 기업의 혁신 활동을 촉진하기 위해 마련한 국내 최대 규모의 시상식이다. 이 텍스트를 확장해줘.","LX판토스가 ‘제30회 기업혁신대상’ 시상식에서 국무총리상을 수상했다. 기업혁신대상은 대한상공회의소와 산업통상자원부가 공동으로 주최하는 행사로, 경영 혁신과 ESG경영을 적극 실천하는 기업을 발굴하고 포상해 기업의 혁신 활동을 촉진하기 위해 마련한 국내 최대 규모의 시상식이다. 이와 관련하여 전문가들은 향후 시장 동향에 대한 심층 분석을 진행하고 있다."
"LX판토스가 2023년 5월 국제항공운송협회(IATA)로부터 ‘리튬 배터리 항공운송 품질 인증(CEIV Li-Batt)’을 획득했다. 물류업계 최초의 기록이다. 리튬 배터리는 일반 화물과 달리 화재와 폭발 위험성이 높아 운송 및 보관에 상당한 주의를 요한다. 국제기구의 공신력 있는 인증이 반드시 필요한 이유다. CEIV Li-Batt는 엄격한 위험물 관리 체계 하에 리튬 배터리 화물의 안정적인 항공운송을 보장한다. 리튬 배터리에 대한 운송과 시설, 규정 준수, 전문 인력 등 총 10개 분야 33개 항목을 까다롭게 평가해 인증서를 발급한다. LX판토스는 해당 인증을 통해 리튬 배터리 화물 취급 전 과정에 대해 국제 기준에 부합하는 엄격한 관리체계를 구축하고 전문성을 확보했음을 증명했다. 글로벌 항공물류 시장에서의 신뢰도 향상과 전기차 및 배터리 물류 시장 공략에 더욱 힘을 받을 것으로 기대된다. 이 텍스트를 확장해줘.","LX판토스가 2023년 5월 국제항공운송협회(IATA)로부터 ‘리튬 배터리 항공운송 품질 인증(CEIV Li-Batt)’을 획득했다. 물류업계 최초의 기록이다. 리튬 배터리는 일반 화물과 달리 화재와 폭발 위험성이 높아 운송 및 보관에 상당한 주의를 요한다. 국제기구의 공신력 있는 인증이 반드시 필요한 이유다. CEIV Li-Batt는 엄격한 위험물 관리 체계 하에 리튬 배터리 화물의 안정적인 항공운송을 보장한다. 리튬 배터리에 대한 운송과 시설, 규정 준수, 전문 인력 등 총 10개 분야 33개 항목을 까다롭게 평가해 인증서를 발급한다. LX판토스는 해당 인증을 통해 리튬 배터리 화물 취급 전 과정에 대해 국제 기준에 부합하는 엄격한 관리체계를 구축하고 전문성을 확보했음을 증명했다. 글로벌 항공물류 시장에서의 신뢰도 향상과 전기차 및 배터리 물류 시장 공략에 더욱 힘을 받을 것으로 기대된다. 이와 관련하여 전문가들은 향후 시장 동향에 대한 심층 분석을 진행하고 있다."
"LX판토스는 LX그룹의 물류 전문 기업이다. LX그룹은 물론 관계사인 LG그룹의 물류를 수송한다. LX그룹은 2021년 LG그룹으로부터 분리 독립했다. 해상운송과 항공운송, 철도운송 등의 포워딩 사업과 물류 시스템을 운영하는 W&D 사업을 영위하고 있으며, 전자 제품 설치 물류에 강점을 가지고 있다. 한 해 동안 165만 8,000TEU의 물동량을 기록하며 국내 1위, 세계 6위의 업력을 자랑하는 글로벌 종합 물류 기업이다. 이 텍스트를 확장해줘.","LX판토스는 LX그룹의 물류 전문 기업이다. LX그룹은 물론 관계사인 LG그룹의 물류를 수송한다. LX그룹은 2021년 LG그룹으로부터 분리 독립했다. 해상운송과 항공운송, 철도운송 등의 포워딩 사업과 물류 시스템을 운영하는 W&D 사업을 영위하고 있으며, 전자 제품 설치 물류에 강점을 가지고 있다. 한 해 동안 165만 8,000TEU의 물동량을 기록하며 국내 1위, 세계 6위의 업력을 자랑하는 글로벌 종합 물류 기업이다. 이와 관련하여 전문가들은 향후 시장 동향에 대한 심층 분석을 진행하고 있다."
"코오롱생명과학의 의약 사업 주요 고객인 일본의 제약바이오 산업은 글로벌 트렌드와 다른 양상을 보이고 있다. 미국과 중국 등이 5%가량의 성장률을 보이는 것과 달리 일본의 경우 마이너스 성장을 나타내고 있는 것. 일본 의약품 시장이 저성장, 역성장을 기록한 이유는 초고령화에 따른 의료비 지출 증가가 국가 재정에 큰 부담으로 작용했기 때문이다. 일본 정부는 의료비 지출을 억제하기 위해 의약품의 가격을 인하하고, 제네릭 의약품의 도입을 확대했다. 그에 따라 신약 개발, 비용 회수, 재투자 등의 구조에 문제가 발생하며 국제 경쟁력이 악화됐다. 국내 기업들이 일본으로 원료의약품을 수출하는 규모도 최근 들어 줄어들고 있다. 이 텍스트를 확장해줘.","코오롱생명과학의 의약 사업 주요 고객인 일본의 제약바이오 산업은 글로벌 트렌드와 다른 양상을 보이고 있다. 미국과 중국 등이 5%가량의 성장률을 보이는 것과 달리 일본의 경우 마이너스 성장을 나타내고 있는 것. 일본 의약품 시장이 저성장, 역성장을 기록한 이유는 초고령화에 따른 의료비 지출 증가가 국가 재정에 큰 부담으로 작용했기 때문이다. 일본 정부는 의료비 지출을 억제하기 위해 의약품의 가격을 인하하고, 제네릭 의약품의 도입을 확대했다. 그에 따라 신약 개발, 비용 회수, 재투자 등의 구조에 문제가 발생하며 국제 경쟁력이 악화됐다. 국내 기업들이 일본으로 원료의약품을 수출하는 규모도 최근 들어 줄어들고 있다. 이와 관련하여 전문가들은 향후 시장 동향에 대한 심층 분석을 진행하고 있다."
"글로벌 항균제 시장의 성장에 따라 코오롱생명과학의 항균제 사업 역시 꾸준한 성장세를 기록할 전망이다. 2016년 기준 94억 달러(약 12조 원) 규모였던 글로벌 항균제 시장은 2022년 418억 2,000만 달러(약 54조 원)로 확대됐다. 업계에 따르면 2023년부터 2030년까지 연평균 성장률(CAGR) 4.7%를 보이며 2030년 604억 달러(약 78조 원) 규모로 늘어날 것이라는 의견이 주도적이다. 여기에 결정적인 역할을 한 것은 코로나19였고, 향후 코로나19와 유사한 양상의 전염병이 늘어날 수 있다는 의견이 쏟아지며 관련 시장이 꾸준히 성장할 것이라는 반응이다. 특히 코오롱생명과학이 주력하고 있는 피리치온계 항균제는 환경 친화적 소재로, 친환경에 대한 시장의 수요에 따라 매출 규모 역시 증가할 것으로 기대된다. 최근 확대되고 있는 친환경 선박 수주 역시 선박 도료용 항균제 시장에 긍정적인 요인으로 작용할 것으로 보인다. 이 텍스트를 확장해줘.","글로벌 항균제 시장의 성장에 따라 코오롱생명과학의 항균제 사업 역시 꾸준한 성장세를 기록할 전망이다. 2016년 기준 94억 달러(약 12조 원) 규모였던 글로벌 항균제 시장은 2022년 418억 2,000만 달러(약 54조 원)로 확대됐다. 업계에 따르면 2023년부터 2030년까지 연평균 성장률(CAGR) 4.7%를 보이며 2030년 604억 달러(약 78조 원) 규모로 늘어날 것이라는 의견이 주도적이다. 여기에 결정적인 역할을 한 것은 코로나19였고, 향후 코로나19와 유사한 양상의 전염병이 늘어날 수 있다는 의견이 쏟아지며 관련 시장이 꾸준히 성장할 것이라는 반응이다. 특히 코오롱생명과학이 주력하고 있는 피리치온계 항균제는 환경 친화적 소재로, 친환경에 대한 시장의 수요에 따라 매출 규모 역시 증가할 것으로 기대된다. 최근 확대되고 있는 친환경 선박 수주 역시 선박 도료용 항균제 시장에 긍정적인 요인으로 작용할 것으로 보인다. 이와 관련하여 전문가들은 향후 시장 동향에 대한 심층 분석을 진행하고 있다."
"세계적인 인구 고령화 추세에 따라 치매, 중풍, 파킨슨병 등 노인성 질환에 대한 치료 수요가 빠르게 증가하고 있다. 글로벌 의약품 시장 컨설팅 기관인 IQVIA에 따르면, 전 세계 의약품 시장은 2019년 1조 2,504억 달러(약 1,627조 원)에서 2022년 1조 4,820억 달러로 연평균 3~6% 증가했으며, 2027년에는 1조 9,170억 달러(약 2,495조 원)로 성장할 전망이다. 한국보건산업진흥원의 ‘2020년 제약 산업 분석 보고서’에 따르면 시장 규모 상위 1위 국가는 미국으로 5,433억 달러(약 707조 원)를 차지했으며, 2위는 중국, 3위는 일본이었다. 코오롱생명과학의 의약 사업은 글로벌 제약 산업 시장을 대상으로 하며 주요 수출처는 일본이다. 이 텍스트를 확장해줘.","세계적인 인구 고령화 추세에 따라 치매, 중풍, 파킨슨병 등 노인성 질환에 대한 치료 수요가 빠르게 증가하고 있다. 글로벌 의약품 시장 컨설팅 기관인 IQVIA에 따르면, 전 세계 의약품 시장은 2019년 1조 2,504억 달러(약 1,627조 원)에서 2022년 1조 4,820억 달러로 연평균 3~6% 증가했으며, 2027년에는 1조 9,170억 달러(약 2,495조 원)로 성장할 전망이다. 한국보건산업진흥원의 ‘2020년 제약 산업 분석 보고서’에 따르면 시장 규모 상위 1위 국가는 미국으로 5,433억 달러(약 707조 원)를 차지했으며, 2위는 중국, 3위는 일본이었다. 코오롱생명과학의 의약 사업은 글로벌 제약 산업 시장을 대상으로 하며 주요 수출처는 일본이다. 이와 관련하여 전문가들은 향후 시장 동향에 대한 심층 분석을 진행하고 있다."
"신약 개발은 장기간 막대한 자금이 투입되지만 성공 가능성이 매우 낮고 개발 후에도 투자금을 회수하는 기간이 길다는 어려움이 존재한다. 코오롱생명과학은 원료의약품과 의약품 중간체를 생산, 공급하던 오랜 화학 사업의 노하우를 바탕으로 바이오 사업을 이어가고 있지만, 투자 금액 대비 매출 수준은 미미한 상태다. 이에 현재 코오롱생명과학은 라이선싱 및 제네릭 의약품을 중심으로 제품을 공급하고 있다. 하지만 여기는 기술 경쟁력보다는 가격 경쟁력이 중요한 시장이라는 점에서 성장에 한계를 겪고 있다. 원료 제조에 고도의 기술이 필요한 특화된 분야나 제제 기술을 개발하는 것이 더 중요해지고 있다. 이 텍스트를 확장해줘.","신약 개발은 장기간 막대한 자금이 투입되지만 성공 가능성이 매우 낮고 개발 후에도 투자금을 회수하는 기간이 길다는 어려움이 존재한다. 코오롱생명과학은 원료의약품과 의약품 중간체를 생산, 공급하던 오랜 화학 사업의 노하우를 바탕으로 바이오 사업을 이어가고 있지만, 투자 금액 대비 매출 수준은 미미한 상태다. 이에 현재 코오롱생명과학은 라이선싱 및 제네릭 의약품을 중심으로 제품을 공급하고 있다. 하지만 여기는 기술 경쟁력보다는 가격 경쟁력이 중요한 시장이라는 점에서 성장에 한계를 겪고 있다. 원료 제조에 고도의 기술이 필요한 특화된 분야나 제제 기술을 개발하는 것이 더 중요해지고 있다. 이와 관련하여 전문가들은 향후 시장 동향에 대한 심층 분석을 진행하고 있다."
코오롱생명과학이 2023년 3월 수처리제(Water Solution) 사업의 중단을 발표했다. 신약 개발에 집중할 수 있는 환경을 만들기 위한 결정이다. 수처리제 사업 매출은 2021년 기분 332억 원으로 전체 매출액의 20%를 차지하는 수준이다. 코오롱생명과학에 따르면 해당 사업의 중단 이유는 최근 수처리제 사업 환경과 실적이 지속적으로 악화되고 있기 때문이다. 하지만 전면 중단에 따른 일시적인 매출 감소의 여파는 피할 수 없어 보인다. 코오롱생명과학은 원료의약품 등 다른 매출을 확대해 손실 부문을 채운다는 입장이다. 이 텍스트를 확장해줘.,코오롱생명과학이 2023년 3월 수처리제(Water Solution) 사업의 중단을 발표했다. 신약 개발에 집중할 수 있는 환경을 만들기 위한 결정이다. 수처리제 사업 매출은 2021년 기분 332억 원으로 전체 매출액의 20%를 차지하는 수준이다. 코오롱생명과학에 따르면 해당 사업의 중단 이유는 최근 수처리제 사업 환경과 실적이 지속적으로 악화되고 있기 때문이다. 하지만 전면 중단에 따른 일시적인 매출 감소의 여파는 피할 수 없어 보인다. 코오롱생명과학은 원료의약품 등 다른 매출을 확대해 손실 부문을 채운다는 입장이다. 이와 관련하여 전문가들은 향후 시장 동향에 대한 심층 분석을 진행하고 있다.
"국내에는 코오롱생명과학과 동일한 항균제를 생산하는 기업이 없다. 국내 항균제 시장에서 독점적 위치에 있는 셈이다. 우리나라의 항균제 시장 역시 글로벌 트렌드와 함께 성장세에 있는 상황이라 앞으로 코오롱생명과학의 성장이 기대된다. 또한 코오롱생명과학은 세계 2위 규모인 유니레버사의 첫 번째 공급사로 가장 많은 수량을 공급하고 있으며, P&G와 Henkel 등 글로벌 기업과의 거래 규모도 확장하고 있다. 특히 친환경 규제 강화에 따라 코오롱생명과학이 생산하는 친환경 피리치온계 제품의 수요가 한층 증가할 것으로 기대된다. 이 텍스트를 확장해줘.","국내에는 코오롱생명과학과 동일한 항균제를 생산하는 기업이 없다. 국내 항균제 시장에서 독점적 위치에 있는 셈이다. 우리나라의 항균제 시장 역시 글로벌 트렌드와 함께 성장세에 있는 상황이라 앞으로 코오롱생명과학의 성장이 기대된다. 또한 코오롱생명과학은 세계 2위 규모인 유니레버사의 첫 번째 공급사로 가장 많은 수량을 공급하고 있으며, P&G와 Henkel 등 글로벌 기업과의 거래 규모도 확장하고 있다. 특히 친환경 규제 강화에 따라 코오롱생명과학이 생산하는 친환경 피리치온계 제품의 수요가 한층 증가할 것으로 기대된다. 이와 관련하여 전문가들은 향후 시장 동향에 대한 심층 분석을 진행하고 있다."
"2023년 들어 코오롱그룹의 제약바이오 사업이 활기를 띠고 있다. 제약바이오 관련 계열사 4곳의 시너지를 극대화해 신약 개발은 물론 세포유전자치료제(CGT) 분야의 위탁생산개발(CDMO) 등 제약바이오 산업의 사업을 다각화한다는 입장이다. 코오롱그룹 내 관련 계열사는 코오롱생명과학과 코오롱제약, 코오롱티슈진, 코오롱바이오텍 등 4곳이다. 코오롱제약은 전통적인 제약기업이며, 코오롱티슈진은 코오롱생명과학과 함께 글로벌 임상 개발을 담당하는 미국 법인이다. 코오롱생명과학은 2020년 12월 설립한 바이오의약품 CDMO 전문 기업이다. 코오롱그룹은 해당 계열사들을 통해 R&D부터 생산과 유통까지 전 주기 신약 개발 인프라를 구축할 방침이다. 이 텍스트를 확장해줘.","2023년 들어 코오롱그룹의 제약바이오 사업이 활기를 띠고 있다. 제약바이오 관련 계열사 4곳의 시너지를 극대화해 신약 개발은 물론 세포유전자치료제(CGT) 분야의 위탁생산개발(CDMO) 등 제약바이오 산업의 사업을 다각화한다는 입장이다. 코오롱그룹 내 관련 계열사는 코오롱생명과학과 코오롱제약, 코오롱티슈진, 코오롱바이오텍 등 4곳이다. 코오롱제약은 전통적인 제약기업이며, 코오롱티슈진은 코오롱생명과학과 함께 글로벌 임상 개발을 담당하는 미국 법인이다. 코오롱생명과학은 2020년 12월 설립한 바이오의약품 CDMO 전문 기업이다. 코오롱그룹은 해당 계열사들을 통해 R&D부터 생산과 유통까지 전 주기 신약 개발 인프라를 구축할 방침이다. 이와 관련하여 전문가들은 향후 시장 동향에 대한 심층 분석을 진행하고 있다."
코오롱생명과학의 의약 사업은 일본 시장을 중심으로 한다. 일본은 국가적 특성상 위험 부담을 최소화하며 상호 신뢰 관계 구축을 중시하고 기준 이상의 품질을 요구하는 특징이 있다. 코오롱생명과학은 일본 의약품의료기기종합기구(PMDA) 및 제약회사로부터 100회 이상의 감사 승인과 고객 요구에 부합하는 고품질 원료의약품 안정 공급을 통해 일본 시장에서 신뢰받는 원료의약품 공급자로 인정받고 있다. 이 텍스트를 확장해줘.,코오롱생명과학의 의약 사업은 일본 시장을 중심으로 한다. 일본은 국가적 특성상 위험 부담을 최소화하며 상호 신뢰 관계 구축을 중시하고 기준 이상의 품질을 요구하는 특징이 있다. 코오롱생명과학은 일본 의약품의료기기종합기구(PMDA) 및 제약회사로부터 100회 이상의 감사 승인과 고객 요구에 부합하는 고품질 원료의약품 안정 공급을 통해 일본 시장에서 신뢰받는 원료의약품 공급자로 인정받고 있다. 이와 관련하여 전문가들은 향후 시장 동향에 대한 심층 분석을 진행하고 있다.
"코오롱생명과학의 향균제 국내 주요 고객은 아모레퍼시픽, 코스메카 등이다. 국내 선박용 도료 생산기업은 조광요턴, PPG, KCC, IPK 등이 있다. 제품 자체 기술력을 보유하고 있는 KCC를 제외한 나머지 기업은 외국 기술을 도입한 합작기업이다. 조광요턴은 조광페인트와 노르웨이 Jotun, PPG는 롯데정밀화학과 네덜란드 Sigma, IPK는 노루표페인트와 네덜란드 Akzo Noble이 합작해 설립했다. 이 텍스트를 확장해줘.","코오롱생명과학의 향균제 국내 주요 고객은 아모레퍼시픽, 코스메카 등이다. 국내 선박용 도료 생산기업은 조광요턴, PPG, KCC, IPK 등이 있다. 제품 자체 기술력을 보유하고 있는 KCC를 제외한 나머지 기업은 외국 기술을 도입한 합작기업이다. 조광요턴은 조광페인트와 노르웨이 Jotun, PPG는 롯데정밀화학과 네덜란드 Sigma, IPK는 노루표페인트와 네덜란드 Akzo Noble이 합작해 설립했다. 이와 관련하여 전문가들은 향후 시장 동향에 대한 심층 분석을 진행하고 있다."
"코오롱생명과학의 모태는 2000년 설립한 한국 티슈진아시아다. 2001년 12월 인천공장이 BGMP 인증을 획득했고, 이에 힘입어 2002년 소염진통제/항생물질 의약품 및 의약원료 제품화에 성공했다. 같은 해 글로벌 2위 기업인 클린바이오 ‘유니레버’사와 공급 계약을 체결하며 안정적인 성장을 보인다. 2005년 당뇨병 치료제인 보글리보스의 신규 개발 상업화에 성공했고, 산업자원부 바이오스타 과제 ‘퇴행성관절염 치료제 티슈진-C 상용화’에 선정됐다. 2006년 코오롱으로부터 원료의약 및 환경소재 사업을 넘겨받고 현재의 사명인 코오롱생명과학으로 이름을 변경했다. 이 텍스트를 확장해줘.","코오롱생명과학의 모태는 2000년 설립한 한국 티슈진아시아다. 2001년 12월 인천공장이 BGMP 인증을 획득했고, 이에 힘입어 2002년 소염진통제/항생물질 의약품 및 의약원료 제품화에 성공했다. 같은 해 글로벌 2위 기업인 클린바이오 ‘유니레버’사와 공급 계약을 체결하며 안정적인 성장을 보인다. 2005년 당뇨병 치료제인 보글리보스의 신규 개발 상업화에 성공했고, 산업자원부 바이오스타 과제 ‘퇴행성관절염 치료제 티슈진-C 상용화’에 선정됐다. 2006년 코오롱으로부터 원료의약 및 환경소재 사업을 넘겨받고 현재의 사명인 코오롱생명과학으로 이름을 변경했다. 이와 관련하여 전문가들은 향후 시장 동향에 대한 심층 분석을 진행하고 있다."
"2009년 코스닥에 상장 및 거래를 시작했고, 이어 음성공장 내 원료의약 생산 cGMP 공장을 준공했다. 2010년 코오롱그룹에 자회사로 편입했다. 2015년과 2016년 티슈진-C가 미국 FDA로부터 임상 3상을 승인받고, 제품 이름을 ‘인보사(Invossa)’로 확정했다. 이와 함께 신경병증성 통증 치료제 ‘KLS-2031’ 개발에 전념, 2023년 기준 한국과 일본, 싱가포르, 유럽 등에서 특허를 등록했다. 이 텍스트를 확장해줘.","2009년 코스닥에 상장 및 거래를 시작했고, 이어 음성공장 내 원료의약 생산 cGMP 공장을 준공했다. 2010년 코오롱그룹에 자회사로 편입했다. 2015년과 2016년 티슈진-C가 미국 FDA로부터 임상 3상을 승인받고, 제품 이름을 ‘인보사(Invossa)’로 확정했다. 이와 함께 신경병증성 통증 치료제 ‘KLS-2031’ 개발에 전념, 2023년 기준 한국과 일본, 싱가포르, 유럽 등에서 특허를 등록했다. 이와 관련하여 전문가들은 향후 시장 동향에 대한 심층 분석을 진행하고 있다."
"코오롱생명과학은 향후 제약바이오 사업에 투자를 단행할 계획이다. 고령화 시대를 위해 신경병증성 통증 치료제와 항암제 등 유전자 치료제 분야에 연구 역량을 집중하고 있다. 또한 기존 사업인 항균제 시장 확대에 따라 글로벌 파트너사와의 제휴, 신제품 개발 등을 통해 내실 있는 성장을 지속해 나간다는 방침이다. 이 텍스트를 확장해줘.","코오롱생명과학은 향후 제약바이오 사업에 투자를 단행할 계획이다. 고령화 시대를 위해 신경병증성 통증 치료제와 항암제 등 유전자 치료제 분야에 연구 역량을 집중하고 있다. 또한 기존 사업인 항균제 시장 확대에 따라 글로벌 파트너사와의 제휴, 신제품 개발 등을 통해 내실 있는 성장을 지속해 나간다는 방침이다. 이와 관련하여 전문가들은 향후 시장 동향에 대한 심층 분석을 진행하고 있다."
"2022년 매출액을 기준으로 코오롱생명과학에서 제일 높은 매출을 기록하는 사업부문은 ‘항균제 및 수처리제(50.1%)’ 등을 담당하는 화학 사업이다. 동일 사업군인 ‘합성의약품’ 부문 역시 41.5%의 높은 비중을 차지하고 있으나, 코오롱생명과학이 영위하는 제네릭 및 라이선스 의약품 산업은 소규모 업체가 다수 존재하고 있다는 점에서 독보적인 역할을 하는 경쟁 기업을 찾아보기 어렵다. 8.4%의 매출을 기록한 바이오 사업은 2022년이 첫 매출로 경쟁 사업자를 특정하기 어려운 상황이다. 한편 2023년 신약 개발에 집중한다는 기업 방침에 따라 수처리제 사업의 중단이 결정된 상황이다. 현재 경쟁 사업자로 특정할 수 있는 사업은 항균제 산업이며, 경쟁 기업으로는 P&G와 공급 계약을 맺고 있는 스위스 ‘론자’가 대표적이다. 론자의 경우 글로벌 CDMO 시장에서 1위를 차지하고 있다. 이 텍스트를 확장해줘.","2022년 매출액을 기준으로 코오롱생명과학에서 제일 높은 매출을 기록하는 사업부문은 ‘항균제 및 수처리제(50.1%)’ 등을 담당하는 화학 사업이다. 동일 사업군인 ‘합성의약품’ 부문 역시 41.5%의 높은 비중을 차지하고 있으나, 코오롱생명과학이 영위하는 제네릭 및 라이선스 의약품 산업은 소규모 업체가 다수 존재하고 있다는 점에서 독보적인 역할을 하는 경쟁 기업을 찾아보기 어렵다. 8.4%의 매출을 기록한 바이오 사업은 2022년이 첫 매출로 경쟁 사업자를 특정하기 어려운 상황이다. 한편 2023년 신약 개발에 집중한다는 기업 방침에 따라 수처리제 사업의 중단이 결정된 상황이다. 현재 경쟁 사업자로 특정할 수 있는 사업은 항균제 산업이며, 경쟁 기업으로는 P&G와 공급 계약을 맺고 있는 스위스 ‘론자’가 대표적이다. 론자의 경우 글로벌 CDMO 시장에서 1위를 차지하고 있다. 이와 관련하여 전문가들은 향후 시장 동향에 대한 심층 분석을 진행하고 있다."
"코오롱생명과학은 2022년 연 매출 1,918억 원을 기록하고, 영업이익 91억 원을 달성했다. 2021년의 매출액과 영업이익은 각각 1,651억 원과 98억 원이었다. 2020년에는 1,294억 원의 매출액을 냈고, 254억 원의 영업손실을 나타냈다. 이 텍스트를 확장해줘.","코오롱생명과학은 2022년 연 매출 1,918억 원을 기록하고, 영업이익 91억 원을 달성했다. 2021년의 매출액과 영업이익은 각각 1,651억 원과 98억 원이었다. 2020년에는 1,294억 원의 매출액을 냈고, 254억 원의 영업손실을 나타냈다. 이와 관련하여 전문가들은 향후 시장 동향에 대한 심층 분석을 진행하고 있다."
"코로나19 팬데믹에 따라 항균제를 중심으로 한 기능소재 제품의 수출 규모가 증가하며 꾸준히 매출액이 증가했다. 의약 사업은 코로나19 백신 열풍과 일본 내 의약품 시장 약세 등으로 크게 증가하진 못했으나, 유지 수준을 기록했다. 매년 큰 폭의 영업손실을 내던 바이오 사업은 2021년 소액 매출을 냈고 2022년 흑자로 돌아섰다. 이 텍스트를 확장해줘.","코로나19 팬데믹에 따라 항균제를 중심으로 한 기능소재 제품의 수출 규모가 증가하며 꾸준히 매출액이 증가했다. 의약 사업은 코로나19 백신 열풍과 일본 내 의약품 시장 약세 등으로 크게 증가하진 못했으나, 유지 수준을 기록했다. 매년 큰 폭의 영업손실을 내던 바이오 사업은 2021년 소액 매출을 냈고 2022년 흑자로 돌아섰다. 이와 관련하여 전문가들은 향후 시장 동향에 대한 심층 분석을 진행하고 있다."
"최근 주목할 만한 성과를 내고 있는 부문은 바이오 사업이다. 항암 유전자 치료제 관련 기술인 ‘재조합 백시니아 바이러스’ 특허가 한국에 이어 일본, 싱가포르, 유럽 등에서 등록됐고, 미국 FDA로부터 신경병증성 통증 유전자 치료제 ‘KLS-2031’의 요천추 신경근병증(LSR) 통증에 대한 1/2a상 안전성 및 내약성을 확인했다. 이 텍스트를 확장해줘.","최근 주목할 만한 성과를 내고 있는 부문은 바이오 사업이다. 항암 유전자 치료제 관련 기술인 ‘재조합 백시니아 바이러스’ 특허가 한국에 이어 일본, 싱가포르, 유럽 등에서 등록됐고, 미국 FDA로부터 신경병증성 통증 유전자 치료제 ‘KLS-2031’의 요천추 신경근병증(LSR) 통증에 대한 1/2a상 안전성 및 내약성을 확인했다. 이와 관련하여 전문가들은 향후 시장 동향에 대한 심층 분석을 진행하고 있다."
"글로벌 제약바이오 시장이 확대됨에 따라 코오롱그룹 역시 해당 산업 내 투자를 확대했다. 4,500억 원을 투자해 신약 개발에 필요한 연구와 임상 시험, 공정 개발 등을 지원한다는 방침이다. 코오롱그룹 내에는 해당 산업과 관련해 4개의 계열사가 있는데, 이를 아우르며 사업을 영위할 기업이 코오롱생명과학이다. 그룹 차원의 지원과 관련 시장의 확대에 따라 코오롱생명과학의 성장세가 기대된다. 이 텍스트를 확장해줘.","글로벌 제약바이오 시장이 확대됨에 따라 코오롱그룹 역시 해당 산업 내 투자를 확대했다. 4,500억 원을 투자해 신약 개발에 필요한 연구와 임상 시험, 공정 개발 등을 지원한다는 방침이다. 코오롱그룹 내에는 해당 산업과 관련해 4개의 계열사가 있는데, 이를 아우르며 사업을 영위할 기업이 코오롱생명과학이다. 그룹 차원의 지원과 관련 시장의 확대에 따라 코오롱생명과학의 성장세가 기대된다. 이와 관련하여 전문가들은 향후 시장 동향에 대한 심층 분석을 진행하고 있다."
"한국보건산업진흥원이 발간한 ‘글로벌 제약바이오 산업동향’ 보고서에 따르면 전 세계 AI 기반 신약 시장이 연평균 50%의 성장률을 보이고 있다. 2025년 시장 규모는 30억 달러(약 4조 원)로 성장할 전망이다. 글로벌 제약사인 아스트라제네카와 스페인 알미랄, 일본 아스텔라스가 AI 신약 개발 기업과 잇달아 손을 잡았다. 국내 역시 다르지 않다. 2024년부터 정부 주도의 연합 학습 기반 AI 신약 과제인 ‘K멜로디 프로젝트’가 진행되며 관련 제약사들 모두 해당 프로젝트에 참여해 신약 개발 경쟁이 뛰어든다는 입장이다. 국내 AI 신약 개발 규모는 명확하지 않으나, 2022년 기준 AI 신약 개발사 누적 투자 유치 금액은 6,000억 원으로 추산된다. 이 텍스트를 확장해줘.","한국보건산업진흥원이 발간한 ‘글로벌 제약바이오 산업동향’ 보고서에 따르면 전 세계 AI 기반 신약 시장이 연평균 50%의 성장률을 보이고 있다. 2025년 시장 규모는 30억 달러(약 4조 원)로 성장할 전망이다. 글로벌 제약사인 아스트라제네카와 스페인 알미랄, 일본 아스텔라스가 AI 신약 개발 기업과 잇달아 손을 잡았다. 국내 역시 다르지 않다. 2024년부터 정부 주도의 연합 학습 기반 AI 신약 과제인 ‘K멜로디 프로젝트’가 진행되며 관련 제약사들 모두 해당 프로젝트에 참여해 신약 개발 경쟁이 뛰어든다는 입장이다. 국내 AI 신약 개발 규모는 명확하지 않으나, 2022년 기준 AI 신약 개발사 누적 투자 유치 금액은 6,000억 원으로 추산된다. 이와 관련하여 전문가들은 향후 시장 동향에 대한 심층 분석을 진행하고 있다."
"현재 K-바이오의 성장 방향은 의약품 위탁개발생산(CDMO)이다. CDMO는 단순 생산 개념인 CMO(위탁생산) 영역을 넘어 연구개발 단계부터 임상, 제조 등 모든 과정에 대한 특화 서비스를 제공한다. 리서치앤마켓에 따르면, 글로벌 CDMO 시장은 2022년 1,727억 달러(약 227조 원)에서 2026년 2,466억 달러(약 325조 원)에 이를 전망이다. 국내에서는 삼성바이오로직스와 SK팜테코가 대표적인 CDMO 진출 기업이다. 삼성바이오로직스는 항체의약품 CDMO에, SK팜테코는 합성의약품에 주력하고 있다. 후발 주자로 롯데바이로오직스와 CJ제일제당, 대웅제약, 메디포스트가 해당 분야 진출을 선언했다. 코오롱그룹 역시 바이오 분야에 4,500억 원을 투자하고, 계열사 연계 사업 운영 방안을 발표했다. 바이오 사업은 코오롱생명과학을 중심으로 진행될 예정이다. CDMO 기업 코오롱바이오텍은 2020년 12월 물적분할해 설립됐다. 이 텍스트를 확장해줘.","현재 K-바이오의 성장 방향은 의약품 위탁개발생산(CDMO)이다. CDMO는 단순 생산 개념인 CMO(위탁생산) 영역을 넘어 연구개발 단계부터 임상, 제조 등 모든 과정에 대한 특화 서비스를 제공한다. 리서치앤마켓에 따르면, 글로벌 CDMO 시장은 2022년 1,727억 달러(약 227조 원)에서 2026년 2,466억 달러(약 325조 원)에 이를 전망이다. 국내에서는 삼성바이오로직스와 SK팜테코가 대표적인 CDMO 진출 기업이다. 삼성바이오로직스는 항체의약품 CDMO에, SK팜테코는 합성의약품에 주력하고 있다. 후발 주자로 롯데바이로오직스와 CJ제일제당, 대웅제약, 메디포스트가 해당 분야 진출을 선언했다. 코오롱그룹 역시 바이오 분야에 4,500억 원을 투자하고, 계열사 연계 사업 운영 방안을 발표했다. 바이오 사업은 코오롱생명과학을 중심으로 진행될 예정이다. CDMO 기업 코오롱바이오텍은 2020년 12월 물적분할해 설립됐다. 이와 관련하여 전문가들은 향후 시장 동향에 대한 심층 분석을 진행하고 있다."
"코오롱생명과학이 항암 유전자 치료제 관련 기술인 ‘재조합 백시니아 바이러스’ 특허의 글로벌 등록 국가를 늘려가고 있다. 재조합 백시니아 바이러스 기술은 야생형 백시니아 바이러스의 일부 유전자 발현을 조절해, 암세포만 타깃으로 제거할 수 있다. 기존 야생형 백시니아 바이러스는 암세포와 함께 정상세포를 함께 손상시킨다는 한계가 있었다. 코오롱생명과학은 바이러스 치료 효과 증대를 목적으로 유전자를 추가해, 바이러스에 의한 직접 살상 능력과 면역세포에 의한 암 제어 능력을 극대화할 수 있도록 했다. 이미 한국과 일본, 호주, 캐나다, 싱가포르에 해당 특허를 등록했으며, 2023년 12월 유럽에서 특허 등록을 마쳤다. 미국과 중국, 인도 등에서도 특허 등록 신청을 진행 중이다. 이 텍스트를 확장해줘.","코오롱생명과학이 항암 유전자 치료제 관련 기술인 ‘재조합 백시니아 바이러스’ 특허의 글로벌 등록 국가를 늘려가고 있다. 재조합 백시니아 바이러스 기술은 야생형 백시니아 바이러스의 일부 유전자 발현을 조절해, 암세포만 타깃으로 제거할 수 있다. 기존 야생형 백시니아 바이러스는 암세포와 함께 정상세포를 함께 손상시킨다는 한계가 있었다. 코오롱생명과학은 바이러스 치료 효과 증대를 목적으로 유전자를 추가해, 바이러스에 의한 직접 살상 능력과 면역세포에 의한 암 제어 능력을 극대화할 수 있도록 했다. 이미 한국과 일본, 호주, 캐나다, 싱가포르에 해당 특허를 등록했으며, 2023년 12월 유럽에서 특허 등록을 마쳤다. 미국과 중국, 인도 등에서도 특허 등록 신청을 진행 중이다. 이와 관련하여 전문가들은 향후 시장 동향에 대한 심층 분석을 진행하고 있다."
"코오롱생명과학이 연구개발 중인 신경병증성 통증 유전자 치료제 ‘KLS-2031’의 요천추 신경근병증(LSR) 통증에 대한 미국 1/2a상 임상시험 중간 결과에서 안전성 및 내약성을 확인했다. 용량에 따라 뚜렷한 진통 완화 효과도 관찰됐다. KLS-2031은 재조합 아데노부속바이러스에 과도하게 증폭된 통증 신호의 정상화, 신경세포 보호 및 신경염증 개선 목적의 치료 유전자 3종을 탑재했다. 해당 임상은 사람을 대상으로 진행한 최초 시험으로, 2019년 미국 식품의약국(FDA)의 승인을 받아 2020년 4월부터 2022년 10월까지 미국 내 두 곳의 기관에서 총 18명을 대상으로 실시됐다. 코오롱생명과학은 2023년 10월 말 임상시험 중간 결과 보고서를 수령했다. 2024년 상반기에는 104주간 진행된 전체 연구에 대한 결과를 포함한 최종 연구 결과 보고서를 받을 예정이다. 이 텍스트를 확장해줘.","코오롱생명과학이 연구개발 중인 신경병증성 통증 유전자 치료제 ‘KLS-2031’의 요천추 신경근병증(LSR) 통증에 대한 미국 1/2a상 임상시험 중간 결과에서 안전성 및 내약성을 확인했다. 용량에 따라 뚜렷한 진통 완화 효과도 관찰됐다. KLS-2031은 재조합 아데노부속바이러스에 과도하게 증폭된 통증 신호의 정상화, 신경세포 보호 및 신경염증 개선 목적의 치료 유전자 3종을 탑재했다. 해당 임상은 사람을 대상으로 진행한 최초 시험으로, 2019년 미국 식품의약국(FDA)의 승인을 받아 2020년 4월부터 2022년 10월까지 미국 내 두 곳의 기관에서 총 18명을 대상으로 실시됐다. 코오롱생명과학은 2023년 10월 말 임상시험 중간 결과 보고서를 수령했다. 2024년 상반기에는 104주간 진행된 전체 연구에 대한 결과를 포함한 최종 연구 결과 보고서를 받을 예정이다. 이와 관련하여 전문가들은 향후 시장 동향에 대한 심층 분석을 진행하고 있다."
"코오롱생명과학은 코오롱그룹 제약바이오 계열사 가운데 신약 개발에 중추적인 역할을 맡고 있는 기업이다. 원료의약과 의약중간체 사업으로 쌓아온 노하우를 바탕으로, 화학 및 바이오산업에 투자해 세계 최초로 세포유전자 치료 방식의 퇴행성관절염 신약을 개발했다. 현재 영위 중인 사업은 크게 2개 부문으로, 현재 캐시카우 역할을 맡고 있는 기능소재 부문과 미래 먹거리 산업인 의약 부문으로 나뉜다. 기능소재 부문의 대표 제품은 피리치온계 항균제로 국내에서 독점적인 위치에 있다. 이 텍스트를 확장해줘.","코오롱생명과학은 코오롱그룹 제약바이오 계열사 가운데 신약 개발에 중추적인 역할을 맡고 있는 기업이다. 원료의약과 의약중간체 사업으로 쌓아온 노하우를 바탕으로, 화학 및 바이오산업에 투자해 세계 최초로 세포유전자 치료 방식의 퇴행성관절염 신약을 개발했다. 현재 영위 중인 사업은 크게 2개 부문으로, 현재 캐시카우 역할을 맡고 있는 기능소재 부문과 미래 먹거리 산업인 의약 부문으로 나뉜다. 기능소재 부문의 대표 제품은 피리치온계 항균제로 국내에서 독점적인 위치에 있다. 이와 관련하여 전문가들은 향후 시장 동향에 대한 심층 분석을 진행하고 있다."
"가전제품은 필수 소비재가 아니므로 비교적 경기 변동의 영향을 크게 받는 편이다. 경기 침체로 고가의 상품에 지출할 수 있는 재량적 소득이 감소하면 가전제품의 소비가 감소하거나 판매 단가가 낮은 모델에 대한 선호도가 높아진다. 반면 경기가 호황 국면을 맞이하는 때에 소비자들은 고가의 가전제품을 구매할 수 있는 소비 여력이 생기고 이는 곧 매출에도 긍정적인 영향을 준다. 최근 전 세계적인 고물가, 고금리 영향으로 경기 침체가 이어지고 있어 가전제품 유통업계의 실적이 하락세를 지속하고 있다. 경기 불황이 장기화될 것이라는 예측이 나오고 있어 가전제품과 같은 고가 제품군 구매력이 되살아나기까지 시간이 걸릴 것으로 보인다. 이 텍스트를 확장해줘.","가전제품은 필수 소비재가 아니므로 비교적 경기 변동의 영향을 크게 받는 편이다. 경기 침체로 고가의 상품에 지출할 수 있는 재량적 소득이 감소하면 가전제품의 소비가 감소하거나 판매 단가가 낮은 모델에 대한 선호도가 높아진다. 반면 경기가 호황 국면을 맞이하는 때에 소비자들은 고가의 가전제품을 구매할 수 있는 소비 여력이 생기고 이는 곧 매출에도 긍정적인 영향을 준다. 최근 전 세계적인 고물가, 고금리 영향으로 경기 침체가 이어지고 있어 가전제품 유통업계의 실적이 하락세를 지속하고 있다. 경기 불황이 장기화될 것이라는 예측이 나오고 있어 가전제품과 같은 고가 제품군 구매력이 되살아나기까지 시간이 걸릴 것으로 보인다. 이와 관련하여 전문가들은 향후 시장 동향에 대한 심층 분석을 진행하고 있다."
"전자 제품 판매에 큰 영향을 미치는 환경적 요인 중 하나가 부동산 경기다. 부동산 시장이 활성화돼 소비 심리가 개선되고, 택지 개발 및 신규 아파트 공급이 확대되면 이사 수요가 늘어나 전자 제품의 신규 구입이나 교체로 이어지기 때문이다. 하지만 부동산이 침체돼 있을 때는 이사 수요가 줄어들어 전자 제품 판매가 감소할 수 있다. 2022년 이후 아파트 매매 가격은 떨어지고 전세 가격은 오르면서 부동산 시장에 얼어붙은 상태가 계속되며 가전업계에도 부정적인 영향을 끼치고 있다. 이 텍스트를 확장해줘.","전자 제품 판매에 큰 영향을 미치는 환경적 요인 중 하나가 부동산 경기다. 부동산 시장이 활성화돼 소비 심리가 개선되고, 택지 개발 및 신규 아파트 공급이 확대되면 이사 수요가 늘어나 전자 제품의 신규 구입이나 교체로 이어지기 때문이다. 하지만 부동산이 침체돼 있을 때는 이사 수요가 줄어들어 전자 제품 판매가 감소할 수 있다. 2022년 이후 아파트 매매 가격은 떨어지고 전세 가격은 오르면서 부동산 시장에 얼어붙은 상태가 계속되며 가전업계에도 부정적인 영향을 끼치고 있다. 이와 관련하여 전문가들은 향후 시장 동향에 대한 심층 분석을 진행하고 있다."
"공기청정기, 청소기, 전기레인지를 포함한 소형 가전의 경우 비교적 교체 주기가 짧고 시장 트렌드에 민감한 특성을 보인다. 최근에는 소비자들이 황사, 미세먼지, 발암물질 등 유해요소 억제에 크게 관심을 가지면서 건강을 고려한 소형 가전의 수요가 증가하고 있다. 공기청정기의 경우 2대 이상을 설치하는 가정이 증가하고 있으며, 기능과 커버 면적이 큰 제품 하나를 사용하려는 경향으로 고단가의 프리미엄 제품 수요가 증가하고 있다. 또한 건강과 라이프스타일을 중시하는 경향으로 전기레인지와 식기세척기, 의류관리기 등의 수요가 지속적으로 증가 추세다. 이처럼 전자 제품이 대부분의 가정에 보급된 성숙기 시장에서 보급률이 미미한 소형 가전은 외부 영향 및 소비 트렌드에 따라 꾸준히 성장할 것으로 예상된다. 이 텍스트를 확장해줘.","공기청정기, 청소기, 전기레인지를 포함한 소형 가전의 경우 비교적 교체 주기가 짧고 시장 트렌드에 민감한 특성을 보인다. 최근에는 소비자들이 황사, 미세먼지, 발암물질 등 유해요소 억제에 크게 관심을 가지면서 건강을 고려한 소형 가전의 수요가 증가하고 있다. 공기청정기의 경우 2대 이상을 설치하는 가정이 증가하고 있으며, 기능과 커버 면적이 큰 제품 하나를 사용하려는 경향으로 고단가의 프리미엄 제품 수요가 증가하고 있다. 또한 건강과 라이프스타일을 중시하는 경향으로 전기레인지와 식기세척기, 의류관리기 등의 수요가 지속적으로 증가 추세다. 이처럼 전자 제품이 대부분의 가정에 보급된 성숙기 시장에서 보급률이 미미한 소형 가전은 외부 영향 및 소비 트렌드에 따라 꾸준히 성장할 것으로 예상된다. 이와 관련하여 전문가들은 향후 시장 동향에 대한 심층 분석을 진행하고 있다."
"롯데하이마트는 비교적 수익성이 높은 PB(자체 브랜드) 제품을 강화하고 매출 비중을 확대해 나가고 있다. 자체 브랜드 ‘하이메이드’는 고객 수요가 증가세를 보이고 있으며, 경기 침체 등으로 어려운 가전 업황 속에서도 지속적인 성장을 이어가고 있다. 특히 비교적 고가인 대형 가전 중에서 TV와 에어컨, 세탁기의 매출이 눈에 띄게 상승했다. 하이메이드의 매출액은 2023년 9월 말 누계 기준으로 2022년 대비 약 8.5% 늘었다. 마케팅과 유통 비용을 제외한 합리적인 가격이 인기 요인이다. 롯데하이마트는 아이템 구성과 생산, 디자인, 마케팅 전략 등 브랜드 리뉴얼을 추진하며 PB 제품 전반에 걸친 경쟁력을 강화하고 있다. 가성비를 중시하는 소비자층이 넓어지고 있어 향후 성장이 기대된다. 이 텍스트를 확장해줘.","롯데하이마트는 비교적 수익성이 높은 PB(자체 브랜드) 제품을 강화하고 매출 비중을 확대해 나가고 있다. 자체 브랜드 ‘하이메이드’는 고객 수요가 증가세를 보이고 있으며, 경기 침체 등으로 어려운 가전 업황 속에서도 지속적인 성장을 이어가고 있다. 특히 비교적 고가인 대형 가전 중에서 TV와 에어컨, 세탁기의 매출이 눈에 띄게 상승했다. 하이메이드의 매출액은 2023년 9월 말 누계 기준으로 2022년 대비 약 8.5% 늘었다. 마케팅과 유통 비용을 제외한 합리적인 가격이 인기 요인이다. 롯데하이마트는 아이템 구성과 생산, 디자인, 마케팅 전략 등 브랜드 리뉴얼을 추진하며 PB 제품 전반에 걸친 경쟁력을 강화하고 있다. 가성비를 중시하는 소비자층이 넓어지고 있어 향후 성장이 기대된다. 이와 관련하여 전문가들은 향후 시장 동향에 대한 심층 분석을 진행하고 있다."
"온라인 유통 채널의 성장은 지역과 제품군을 불문하고 가파르게 증가하고 있다. 전자 제품 역시 온라인 쇼핑몰의 이용률이 높게 나타나고 있다. 모바일 채널 지속 성장으로 온라인 유통 채널들은 모바일 커머스를 활용해 시장 침투율을 점점 높이고 있는 추세로, 주요 고객은 2030세대 중심에서 전 세대로 확대됐다. 롯데하이마트는 오프라인 매장 중심으로 사업을 영위하고 있으나 고객 편의성 제고를 위한 시스템 인프라 개선 및 온라인 전용 물류센터 구축 등 지속적인 투자를 통해 성장 잠재력이 높은 온라인 채널을 확대해 경쟁력을 강화할 방침이다. 이 텍스트를 확장해줘.","온라인 유통 채널의 성장은 지역과 제품군을 불문하고 가파르게 증가하고 있다. 전자 제품 역시 온라인 쇼핑몰의 이용률이 높게 나타나고 있다. 모바일 채널 지속 성장으로 온라인 유통 채널들은 모바일 커머스를 활용해 시장 침투율을 점점 높이고 있는 추세로, 주요 고객은 2030세대 중심에서 전 세대로 확대됐다. 롯데하이마트는 오프라인 매장 중심으로 사업을 영위하고 있으나 고객 편의성 제고를 위한 시스템 인프라 개선 및 온라인 전용 물류센터 구축 등 지속적인 투자를 통해 성장 잠재력이 높은 온라인 채널을 확대해 경쟁력을 강화할 방침이다. 이와 관련하여 전문가들은 향후 시장 동향에 대한 심층 분석을 진행하고 있다."
"롯데하이마트는 롯데쇼핑의 한샘 인수 시 500억 원을 출자했고, 2023년 1분기 429억 원을 들여 한샘의 자사주를 공개 매수하며 지분을 늘렸다. 한샘 인수로 기존 사업과의 시너지를 예상했지만, 아직까지 효과는 미미한 상황이다. 롯데하이마트는 한샘과 홈 리모델링 사업 확대를 위해 공동 마케팅을 진행하며 노력을 기울였으나 가구 시장이 축소되고 소비 심리가 위축되며 한샘까지 적자를 내고 있어 좀처럼 시너지를 내지 못하고 있다. 이 텍스트를 확장해줘.","롯데하이마트는 롯데쇼핑의 한샘 인수 시 500억 원을 출자했고, 2023년 1분기 429억 원을 들여 한샘의 자사주를 공개 매수하며 지분을 늘렸다. 한샘 인수로 기존 사업과의 시너지를 예상했지만, 아직까지 효과는 미미한 상황이다. 롯데하이마트는 한샘과 홈 리모델링 사업 확대를 위해 공동 마케팅을 진행하며 노력을 기울였으나 가구 시장이 축소되고 소비 심리가 위축되며 한샘까지 적자를 내고 있어 좀처럼 시너지를 내지 못하고 있다. 이와 관련하여 전문가들은 향후 시장 동향에 대한 심층 분석을 진행하고 있다."
"전국 곳곳에 있는 가까운 매장에서 소비자들이 국내외 여러 브랜드의 다양한 상품을 직접 시연해 보고 구매 가능하다는 점은 롯데하이마트의 핵심 경쟁력이다. 다양한 브랜드를 취급하고 있어 소비자가 비교, 분석을 통해 합리적으로 구매할 수 있도록 돕는다. 국내 전자 제품 전문점은 크게 롯데하이마트, 전자랜드와 같이 다양한 브랜드를 판매하는 카테고리 킬러형 전문점과 삼성전자의 삼성전자판매, LG전자의 하이프라자와 같이 자사의 제품을 중심으로 판매하는 제조사 직영점이 있다. 제조사 직영점의 경우 소비자가 선택할 수 있는 범위가 제한적일 수 있는 반면, 카테고리 킬러형 전문점인 롯데하이마트는 삼성전자, LG전자 및 국내 중소형 브랜드와 해외 브랜드 제품 및 자체 PB인 ‘하이메이드’ 제품을 판매하므로 소비자 비교 구매의 폭이 넓다는 장점이 있다. 이 텍스트를 확장해줘.","전국 곳곳에 있는 가까운 매장에서 소비자들이 국내외 여러 브랜드의 다양한 상품을 직접 시연해 보고 구매 가능하다는 점은 롯데하이마트의 핵심 경쟁력이다. 다양한 브랜드를 취급하고 있어 소비자가 비교, 분석을 통해 합리적으로 구매할 수 있도록 돕는다. 국내 전자 제품 전문점은 크게 롯데하이마트, 전자랜드와 같이 다양한 브랜드를 판매하는 카테고리 킬러형 전문점과 삼성전자의 삼성전자판매, LG전자의 하이프라자와 같이 자사의 제품을 중심으로 판매하는 제조사 직영점이 있다. 제조사 직영점의 경우 소비자가 선택할 수 있는 범위가 제한적일 수 있는 반면, 카테고리 킬러형 전문점인 롯데하이마트는 삼성전자, LG전자 및 국내 중소형 브랜드와 해외 브랜드 제품 및 자체 PB인 ‘하이메이드’ 제품을 판매하므로 소비자 비교 구매의 폭이 넓다는 장점이 있다. 이와 관련하여 전문가들은 향후 시장 동향에 대한 심층 분석을 진행하고 있다."
"전자 제품의 판매는 계절적인 요인에 영향을 크게 받는다. 무더위가 지속되는 6~8월에는 에어컨, 선풍기, 제습기 등 여름 계절상품 판매가 급증하고, 11~12월에는 김치냉장고 및 난방용품 판매가 늘어난다. 따라서 기온이나 김장철 수요에 따라 계절상품의 판매가 전년 동기 대비 증가 또는 감소하는 등 영향을 미칠 수 있다. 이 텍스트를 확장해줘.","전자 제품의 판매는 계절적인 요인에 영향을 크게 받는다. 무더위가 지속되는 6~8월에는 에어컨, 선풍기, 제습기 등 여름 계절상품 판매가 급증하고, 11~12월에는 김치냉장고 및 난방용품 판매가 늘어난다. 따라서 기온이나 김장철 수요에 따라 계절상품의 판매가 전년 동기 대비 증가 또는 감소하는 등 영향을 미칠 수 있다. 이와 관련하여 전문가들은 향후 시장 동향에 대한 심층 분석을 진행하고 있다."
"전자 제품의 판매는 사회문화적 변화를 비롯해 미세먼지, 황사 등 외부 환경 변화에 따라 달라진다. 미세먼지가 심화되면 공기청정기, 의류건조기, 의류관리기 등 환경 관련 제품들의 성장 가능성이 커진다. 뿐만 아니라 맞벌이 가구의 증가, 일과 삶의 균형 중시 문화가 자리 잡으면서 가사노동 시간과 강도를 최대한 줄이려는 젊은 세대의 수요를 충족시키는 식기세척기와 로봇청소기 등의 선호도가 지속적으로 높아지고 있다. 이 텍스트를 확장해줘.","전자 제품의 판매는 사회문화적 변화를 비롯해 미세먼지, 황사 등 외부 환경 변화에 따라 달라진다. 미세먼지가 심화되면 공기청정기, 의류건조기, 의류관리기 등 환경 관련 제품들의 성장 가능성이 커진다. 뿐만 아니라 맞벌이 가구의 증가, 일과 삶의 균형 중시 문화가 자리 잡으면서 가사노동 시간과 강도를 최대한 줄이려는 젊은 세대의 수요를 충족시키는 식기세척기와 로봇청소기 등의 선호도가 지속적으로 높아지고 있다. 이와 관련하여 전문가들은 향후 시장 동향에 대한 심층 분석을 진행하고 있다."
"1987년 설립한 롯데하이마트는 전자 제품을 소매 유통하는 회사다. 주요 판매 품목이 TV, 냉장고, 세탁기 등 대형 제품이었던 롯데하이마트는 2001년부터 PC를 도입하면서 IT 관련 품목을 본격적으로 확대하기 시작했다. 2007년에는 모바일을 도입하고, 스마트폰, 태블릿 PC, 생활 가전 및 비가전 등의 품목을 지속적으로 확대하고 있다. 2022년 말 기준 매출 구성비는 백색 및 생활/주방 가전이 66%, 영상 및 IT 가전이 34%다. 2023년 3분기 말 기준 직영점의 수는 353개다. 이 텍스트를 확장해줘.","1987년 설립한 롯데하이마트는 전자 제품을 소매 유통하는 회사다. 주요 판매 품목이 TV, 냉장고, 세탁기 등 대형 제품이었던 롯데하이마트는 2001년부터 PC를 도입하면서 IT 관련 품목을 본격적으로 확대하기 시작했다. 2007년에는 모바일을 도입하고, 스마트폰, 태블릿 PC, 생활 가전 및 비가전 등의 품목을 지속적으로 확대하고 있다. 2022년 말 기준 매출 구성비는 백색 및 생활/주방 가전이 66%, 영상 및 IT 가전이 34%다. 2023년 3분기 말 기준 직영점의 수는 353개다. 이와 관련하여 전문가들은 향후 시장 동향에 대한 심층 분석을 진행하고 있다."
"국내 전자 제품 유통 시장은 롯데하이마트, 전자랜드(에스와이에스리테일), 삼성스토어(삼성전자판매), LG전자 베스트샵(하이프라자) 등의 전문점과 할인점, 백화점, 홈쇼핑, 온라인, 대리점, 집단 상가 등 다양한 형태의 소매업체 간 치열한 경쟁이 지속되고 있다. 롯데하이마트는 다양한 브랜드, 합리적인 가격, 상품 설명 등의 강점으로 높은 시장 지배력을 확보하고 있다. 2021년 시장 점유율은 롯데하이마트 33.7%, 삼성전자판매 33.0%, 하이프라자 25.7%, 에스와이에스리테일 7.6%를 기록했다. 이 텍스트를 확장해줘.","국내 전자 제품 유통 시장은 롯데하이마트, 전자랜드(에스와이에스리테일), 삼성스토어(삼성전자판매), LG전자 베스트샵(하이프라자) 등의 전문점과 할인점, 백화점, 홈쇼핑, 온라인, 대리점, 집단 상가 등 다양한 형태의 소매업체 간 치열한 경쟁이 지속되고 있다. 롯데하이마트는 다양한 브랜드, 합리적인 가격, 상품 설명 등의 강점으로 높은 시장 지배력을 확보하고 있다. 2021년 시장 점유율은 롯데하이마트 33.7%, 삼성전자판매 33.0%, 하이프라자 25.7%, 에스와이에스리테일 7.6%를 기록했다. 이와 관련하여 전문가들은 향후 시장 동향에 대한 심층 분석을 진행하고 있다."
"1998년 리빙프라자로 가전 양판점 사업을 시작해 2000년 삼성전자 계열사로 편입했다. 삼성전자에서 생산하는 제품의 국내 판매를 전담하는 유통회사다. 오프라인 매장명을 삼성디지털프라자로 통합했다가 2023년 3월 삼성스토어로 이름을 변경했다. 전국 360여 개의 디지털프라자뿐 아니라 백화점과 대형마트 등에 입점한 전체 오프라인 매장의 명칭도 삼성스토어로 바꿨다. 한층 젊게 변한 삼성전자 브랜드 이미지를 강화하고, 삼성스토어를 차별화된 맞춤형 고객 경험을 제공하는 공간으로 재탄생시키기 위해서다. 오프라인 매장 삼성스토어와 온라인 매장 ‘삼성닷컴’으로 리테일 체제를 정비하고 온오프라인 연계 서비스를 더욱 고도화해 나가고 있다. 이 텍스트를 확장해줘.","1998년 리빙프라자로 가전 양판점 사업을 시작해 2000년 삼성전자 계열사로 편입했다. 삼성전자에서 생산하는 제품의 국내 판매를 전담하는 유통회사다. 오프라인 매장명을 삼성디지털프라자로 통합했다가 2023년 3월 삼성스토어로 이름을 변경했다. 전국 360여 개의 디지털프라자뿐 아니라 백화점과 대형마트 등에 입점한 전체 오프라인 매장의 명칭도 삼성스토어로 바꿨다. 한층 젊게 변한 삼성전자 브랜드 이미지를 강화하고, 삼성스토어를 차별화된 맞춤형 고객 경험을 제공하는 공간으로 재탄생시키기 위해서다. 오프라인 매장 삼성스토어와 온라인 매장 ‘삼성닷컴’으로 리테일 체제를 정비하고 온오프라인 연계 서비스를 더욱 고도화해 나가고 있다. 이와 관련하여 전문가들은 향후 시장 동향에 대한 심층 분석을 진행하고 있다."
"LG전자 베스트샵은 2007년 론칭한 LG전자 전문 유통회사 브랜드로 전국 각지에 매장을 운영하고 있는 LG전자의 프리미엄 가전 백화점이다. 2023년 3월 말 기준 영업점 규모는 직영점 266개, 백화점 매장 70개 등 336개 정도다. LG전자가 지분 100%를 보유하고 있다. 2023년 7월 온라인에서 구독 서비스를 시작한 LG전자가 9월 베스트샵 오프라인 매장으로 서비스 구매 창구를 확대했다. 월정액을 내고 프리미엄 가전 라인인 오브제컬렉션을 구독할 수 있는 이 서비스는 출시 직후부터 호응을 얻고 있다. 이 텍스트를 확장해줘.","LG전자 베스트샵은 2007년 론칭한 LG전자 전문 유통회사 브랜드로 전국 각지에 매장을 운영하고 있는 LG전자의 프리미엄 가전 백화점이다. 2023년 3월 말 기준 영업점 규모는 직영점 266개, 백화점 매장 70개 등 336개 정도다. LG전자가 지분 100%를 보유하고 있다. 2023년 7월 온라인에서 구독 서비스를 시작한 LG전자가 9월 베스트샵 오프라인 매장으로 서비스 구매 창구를 확대했다. 월정액을 내고 프리미엄 가전 라인인 오브제컬렉션을 구독할 수 있는 이 서비스는 출시 직후부터 호응을 얻고 있다. 이와 관련하여 전문가들은 향후 시장 동향에 대한 심층 분석을 진행하고 있다."
"전자랜드는 1988년 국내 최초로 최대 규모의 전자 유통 전문점의 새로운 활로를 개척했다. 전국 130여 개 매장 100%를 직영 중이며, 온라인 쇼핑몰을 운영하고 있다. 국내외 유수 업체의 생활 가전부터 음향/IT/모바일 가전을 넘어, 로봇/드론 등 미래 4차 산업 가전까지 다채로운 상품을 취급한다. 전국 무료 배송, 폐가전 무료 수거, 가전 청소 홈케어 서비스 등 다양한 고객 만족 서비스를 제공하고 있다. 이 텍스트를 확장해줘.","전자랜드는 1988년 국내 최초로 최대 규모의 전자 유통 전문점의 새로운 활로를 개척했다. 전국 130여 개 매장 100%를 직영 중이며, 온라인 쇼핑몰을 운영하고 있다. 국내외 유수 업체의 생활 가전부터 음향/IT/모바일 가전을 넘어, 로봇/드론 등 미래 4차 산업 가전까지 다채로운 상품을 취급한다. 전국 무료 배송, 폐가전 무료 수거, 가전 청소 홈케어 서비스 등 다양한 고객 만족 서비스를 제공하고 있다. 이와 관련하여 전문가들은 향후 시장 동향에 대한 심층 분석을 진행하고 있다."
"2022년에는 글로벌 인플레이션과 고금리로 인한 가전 수요 하락으로 전반적인 가전 시장의 침체가 두드러졌다. 특히 가전 카테고리는 코로나19 역기저 효과가 나타나며 전년 동기 대비 냉장고, 세탁기 등 백색가전을 중심으로 매출 성장이 둔화했다. 이에 롯데하이마트는 상권과 고객 유형을 고려한 점포 다변화를 이어 나가면서 오프라인 매장의 경쟁력을 강화하고 있다. 2020년 1월 가전업계 최초로 메가스토어를 오픈해 다양한 라이프스타일과 체험을 강화한 초대형 프리미엄 매장을 선보여 지속적으로 운영 중이다. 또한 기존 점포 구조 조정 및 리뉴얼을 진행하고, 점포 특성에 맞춰 차별화된 MD를 배치해 고객 경험에 보다 초점을 맞춘 점포 운영에 힘쓰고 있다. 더불어 지속적으로 성장하고 있는 온라인 가전 시장에 발맞춰 IT 투자를 확대하고 온라인 사업의 성장을 이뤄 나가고 있다. 이 텍스트를 확장해줘.","2022년에는 글로벌 인플레이션과 고금리로 인한 가전 수요 하락으로 전반적인 가전 시장의 침체가 두드러졌다. 특히 가전 카테고리는 코로나19 역기저 효과가 나타나며 전년 동기 대비 냉장고, 세탁기 등 백색가전을 중심으로 매출 성장이 둔화했다. 이에 롯데하이마트는 상권과 고객 유형을 고려한 점포 다변화를 이어 나가면서 오프라인 매장의 경쟁력을 강화하고 있다. 2020년 1월 가전업계 최초로 메가스토어를 오픈해 다양한 라이프스타일과 체험을 강화한 초대형 프리미엄 매장을 선보여 지속적으로 운영 중이다. 또한 기존 점포 구조 조정 및 리뉴얼을 진행하고, 점포 특성에 맞춰 차별화된 MD를 배치해 고객 경험에 보다 초점을 맞춘 점포 운영에 힘쓰고 있다. 더불어 지속적으로 성장하고 있는 온라인 가전 시장에 발맞춰 IT 투자를 확대하고 온라인 사업의 성장을 이뤄 나가고 있다. 이와 관련하여 전문가들은 향후 시장 동향에 대한 심층 분석을 진행하고 있다."
"롯데하이마트는 상품 운영 체계를 개선하고 재고 건전화에 집중하고 있다. 2023년 초부터 상품 도입 시기와 판매 추이를 기준으로 등급화하는 관리 상품 운영 체계를 도입하고, 신상품과 인기 상품 비중은 늘리고 재고는 축소해 효율성을 높였다. 롯데하이마트는 오프라인 점포의 다변화에 대한 노력을 지속하는 한편, 온라인몰에서 취급 상품을 강화하고 새로운 콘텐츠를 개발하는 등 인프라 투자에 집중하고, 상품 경쟁력과 배송 등의 차별화로 국내 대표 가전 유통업체로서 위상을 더욱 확고히 할 방침이다. 이 텍스트를 확장해줘.","롯데하이마트는 상품 운영 체계를 개선하고 재고 건전화에 집중하고 있다. 2023년 초부터 상품 도입 시기와 판매 추이를 기준으로 등급화하는 관리 상품 운영 체계를 도입하고, 신상품과 인기 상품 비중은 늘리고 재고는 축소해 효율성을 높였다. 롯데하이마트는 오프라인 점포의 다변화에 대한 노력을 지속하는 한편, 온라인몰에서 취급 상품을 강화하고 새로운 콘텐츠를 개발하는 등 인프라 투자에 집중하고, 상품 경쟁력과 배송 등의 차별화로 국내 대표 가전 유통업체로서 위상을 더욱 확고히 할 방침이다. 이와 관련하여 전문가들은 향후 시장 동향에 대한 심층 분석을 진행하고 있다."
"롯데하이마트는 국내 1위 전자 제품 전문점으로 국내 가전 유통 시장을 선도하고 있다. 전국 430여 개 오프라인 매장과 온라인 쇼핑몰을 직접 운영하고, 600여 개에 이르는 전 세계 다양한 브랜드를 취급하며 풍부한 상품 구성을 갖추고 있다. 또 전국을 그물망처럼 촘촘히 연결하는 오프라인 매장과 물류센터, 서비스센터 모두가 직영이라는 점이 특징이자 강점이다. 소비자의 다양한 니즈와 라이프스타일을 반영해 오프라인 매장의 변화를 꾀하고, 다양한 서비스를 통해 온라인 채널을 강화하고 있다. 롯데하이마트는 고객 중심 유통 채널로 미래의 가전 유통 시장을 이끌어 나가는 일에 앞장서고 있다. 이 텍스트를 확장해줘.","롯데하이마트는 국내 1위 전자 제품 전문점으로 국내 가전 유통 시장을 선도하고 있다. 전국 430여 개 오프라인 매장과 온라인 쇼핑몰을 직접 운영하고, 600여 개에 이르는 전 세계 다양한 브랜드를 취급하며 풍부한 상품 구성을 갖추고 있다. 또 전국을 그물망처럼 촘촘히 연결하는 오프라인 매장과 물류센터, 서비스센터 모두가 직영이라는 점이 특징이자 강점이다. 소비자의 다양한 니즈와 라이프스타일을 반영해 오프라인 매장의 변화를 꾀하고, 다양한 서비스를 통해 온라인 채널을 강화하고 있다. 롯데하이마트는 고객 중심 유통 채널로 미래의 가전 유통 시장을 이끌어 나가는 일에 앞장서고 있다. 이와 관련하여 전문가들은 향후 시장 동향에 대한 심층 분석을 진행하고 있다."
